Date,Store,Region,Product,Units Sold,Unit Price,Revenue
2024-05-16 16:58:17.187970304,Store_8,North,Monitor,49,356.037853696599,17445.85483113335
2024-12-13 00:15:26.366943232,Store_3,South,Webcam,17,62.17555737617007,1056.9844753948912
2024-09-24 04:16:00.948964352,Store_8,East,Laptop,43,836.3209463439858,35961.80069279139
2024-08-06 12:14:53.957637632,Store_5,South,Monitor,25,356.037853696599,8900.946342414974
2024-02-26 22:43:23.844992768,Store_1,East,Laptop,3,836.3209463439858,2508.9628390319576
2024-02-26 22:30:43.193322496,Store_7,East,Mouse,15,31.46792530693381,472.01887960400717
2024-01-22 04:48:44.793336320,Store_5,East,Monitor,29,356.037853696599,10325.09775720137
2024-11-12 03:42:10.933158400,Store_6,East,Laptop,43,836.3209463439858,35961.80069279139
2024-08-07 09:46:03.010333952,Store_6,East,Keyboard,32,149.76228222513856,4792.393031204434
2024-09-15 10:42:56.813376000,Store_8,East,Keyboard,26,149.76228222513856,3893.8193378536025
2024-01-08 12:19:12.612112384,Store_9,East,Mouse,16,31.46792530693381,503.486804910941
2024-12-20 00:24:37.097780736,Store_2,South,Monitor,25,356.037853696599,8900.946342414974
2024-10-30 20:11:51.120282112,Store_9,North,Monitor,28,356.037853696599,9969.05990350477
2024-03-18 12:05:26.194350080,Store_10,North,Monitor,9,356.037853696599,3204.340683269391
2024-03-07 08:47:12.165843200,Store_9,South,Mouse,1,31.46792530693381,31.46792530693381
2024-03-07 22:37:24.622737920,Store_10,South,Monitor,29,356.037853696599,10325.09775720137
2024-04-21 01:09:43.373971968,Store_10,South,Keyboard,22,149.76228222513856,3294.7702089530485
2024-07-10 12:51:58.827954176,Store_7,South,Laptop,16,836.3209463439858,13381.135141503773
2024-06-06 15:50:18.107897856,Store_1,East,Keyboard,41,149.76228222513856,6140.253571230681
2024-04-16 07:10:02.165285376,Store_7,North,Keyboard,44,149.76228222513856,6589.540417906097
2024-08-11 07:49:52.887964928,Store_10,East,Laptop,41,836.3209463439858,34289.15880010342
2024-02-20 21:57:58.389522688,Store_5,North,Keyboard,7,149.76228222513856,1048.33597557597
2024-04-16 15:11:13.636206592,Store_6,North,Mouse,14,31.46792530693381,440.55095429707336
2024-05-13 17:19:47.090109952,Store_10,South,Laptop,29,836.3209463439858,24253.30744397559
2024-06-15 11:10:23.022268416,Store_7,East,Keyboard,19,149.76228222513856,2845.4833622776328
2024-10-13 14:08:29.118490112,Store_5,South,Webcam,19,62.17555737617007,1181.3355901472314
2024-03-13 21:08:32.394146048,Store_7,East,Keyboard,2,149.76228222513856,299.5245644502771
2024-07-06 16:41:37.249811712,Store_9,North,Mouse,41,31.46792530693381,1290.1849375842862
2024-08-04 05:33:05.843633408,Store_3,South,Monitor,45,356.037853696599,16021.703416346954
2024-01-17 22:54:20.215537920,Store_8,South,Keyboard,15,149.76228222513856,2246.4342333770783
2024-08-09 18:05:34.449563648,Store_2,North,Monitor,3,356.037853696599,1068.1135610897968
2024-03-03 05:47:28.764602368,Store_7,North,Webcam,11,62.17555737617007,683.9311311378708
2024-01-24 17:51:07.036383744,Store_2,North,Keyboard,46,149.76228222513856,6889.064982356374
2024-12-12 08:14:14.302821120,Store_4,South,Laptop,30,836.3209463439858,25089.628390319576
2024-12-18 10:56:11.795039232,Store_7,East,Monitor,40,356.037853696599,14241.51414786396
2024-10-22 01:33:38.770200832,Store_3,South,Webcam,18,62.17555737617007,1119.1600327710612
2024-04-21 04:24:59.824651520,Store_2,East,Laptop,48,836.3209463439858,40143.40542451132
2024-02-05 15:36:27.787305216,Store_10,South,Laptop,2,836.3209463439858,1672.6418926879717
2024-09-06 17:52:52.724087296,Store_7,South,Laptop,32,836.3209463439858,26762.270283007547
2024-06-09 15:44:09.042572032,Store_1,North,Laptop,8,836.3209463439858,6690.567570751887
2024-02-14 13:03:17.774064896,Store_8,East,Keyboard,22,149.76228222513856,3294.7702089530485
2024-06-29 17:44:59.037268992,Store_3,South,Keyboard,6,149.76228222513856,898.5736933508314
2024-01-13 13:14:36.401889536,Store_2,South,Keyboard,12,149.76228222513856,1797.1473867016628
2024-11-27 21:38:48.199956480,Store_3,North,Webcam,47,62.17555737617007,2922.2511966799934
2024-04-04 10:54:45.499738112,Store_5,North,Webcam,40,62.17555737617007,2487.022295046803
2024-08-29 19:41:42.759387136,Store_8,East,Webcam,36,62.17555737617007,2238.3200655421224
2024-04-23 18:35:20.495555584,Store_10,South,Mouse,15,31.46792530693381,472.01887960400717
2024-07-08 19:47:45.115863552,Store_7,East,Webcam,28,62.17555737617007,1740.915606532762
2024-07-18 13:10:55.369369600,Store_7,South,Keyboard,49,149.76228222513856,7338.35182903179
2024-03-08 11:19:30.109453056,Store_7,East,Keyboard,45,149.76228222513856,6739.302700131236
2024-12-19 21:33:40.821183232,Store_8,North,Mouse,18,31.46792530693381,566.4226555248086
2024-10-09 22:09:48.717516032,Store_1,South,Mouse,2,31.46792530693381,62.93585061386762
2024-12-08 22:00:38.621168384,Store_4,East,Webcam,13,62.17555737617007,808.2822458902109
2024-11-22 14:41:15.323086336,Store_6,North,Monitor,45,356.037853696599,16021.703416346954
2024-08-06 05:36:13.731786496,Store_9,North,Mouse,15,31.46792530693381,472.01887960400717
2024-12-02 11:37:05.875688960,Store_2,East,Laptop,20,836.3209463439858,16726.418926879716
2024-02-02 07:11:39.544709376,Store_1,South,Keyboard,29,149.76228222513856,4343.106184529019
2024-03-12 12:48:35.549250048,Store_10,South,Laptop,42,836.3209463439858,35125.4797464474
2024-01-17 12:11:27.783082752,Store_2,North,Keyboard,29,149.76228222513856,4343.106184529019
2024-04-28 17:53:37.310950400,Store_7,South,Keyboard,3,149.76228222513856,449.2868466754157
2024-05-21 20:48:47.007647488,Store_3,South,Mouse,19,31.46792530693381,597.8905808317425
2024-04-09 01:01:03.066021632,Store_10,South,Mouse,3,31.46792530693381,94.40377592080144
2024-10-29 11:44:26.088615168,Store_2,North,Laptop,14,836.3209463439858,11708.493248815801
2024-05-10 05:09:32.910609152,Store_7,East,Keyboard,40,149.76228222513856,5990.491289005542
2024-04-12 12:59:10.697501184,Store_2,South,Laptop,4,836.3209463439858,3345.2837853759434
2024-07-17 02:01:03.678478592,Store_3,North,Monitor,11,356.037853696599,3916.4163906625886
2024-02-21 10:29:46.358804224,Store_7,North,Laptop,31,836.3209463439858,25925.94933666356
2024-10-19 19:14:43.985059328,Store_4,East,Webcam,43,62.17555737617007,2673.548967175313
2024-01-28 05:03:49.099085312,Store_1,South,Laptop,32,836.3209463439858,26762.270283007547
2024-12-26 05:07:46.432633856,Store_5,South,Webcam,27,62.17555737617007,1678.7400491565918
2024-10-08 20:51:51.044539392,Store_9,East,Webcam,30,62.17555737617007,1865.266721285102
2024-03-13 12:44:57.732861696,Store_8,East,Webcam,43,62.17555737617007,2673.548967175313
2024-01-03 00:22:25.485609984,Store_9,North,Monitor,2,356.037853696599,712.075707393198
2024-10-24 15:26:31.607751680,Store_10,North,Laptop,49,836.3209463439858,40979.72637085531
2024-09-15 00:04:13.195578368,Store_9,East,Laptop,9,836.3209463439858,7526.888517095873
2024-09-23 02:06:10.051340544,Store_7,South,Monitor,28,356.037853696599,9969.05990350477
2024-10-08 12:19:41.653088000,Store_4,North,Keyboard,31,149.76228222513856,4642.630748979295
2024-01-28 00:37:52.137086208,Store_5,North,Mouse,34,31.46792530693381,1069.9094604357497
2024-05-10 20:09:35.215372288,Store_1,South,Laptop,15,836.3209463439858,12544.814195159788
2024-02-12 07:00:46.661184512,Store_1,North,Mouse,48,31.46792530693381,1510.460414732823
2024-11-11 00:47:09.638412800,Store_3,South,Monitor,25,356.037853696599,8900.946342414974
2024-08-15 12:05:29.727633920,Store_8,South,Keyboard,36,149.76228222513856,5391.442160104988
2024-04-30 18:40:00.111753216,Store_2,South,Keyboard,8,149.76228222513856,1198.0982578011085
2024-01-24 04:46:16.134620160,Store_4,East,Keyboard,9,149.76228222513856,1347.860540026247
2024-04-23 12:12:18.497625088,Store_2,East,Monitor,37,356.037853696599,13173.400586774162
2024-04-28 16:36:21.243435520,Store_5,East,Webcam,48,62.17555737617007,2984.426754056163
2024-09-23 07:21:00.440069120,Store_9,South,Webcam,45,62.17555737617007,2797.900081927653
2024-08-20 17:00:12.416657920,Store_1,South,Mouse,39,31.46792530693381,1227.2490869704186
2024-11-19 19:59:01.049886976,Store_5,East,Webcam,32,62.17555737617007,1989.6178360374422
2024-06-21 08:36:09.879907328,Store_9,North,Webcam,17,62.17555737617007,1056.9844753948912
2024-02-13 15:38:44.139910400,Store_1,South,Keyboard,35,149.76228222513856,5241.679877879849
2024-09-17 08:01:27.609864448,Store_9,North,Keyboard,37,149.76228222513856,5541.204442330127
2024-10-04 16:28:37.293182464,Store_8,North,Mouse,19,31.46792530693381,597.8905808317425
2024-07-23 20:47:17.702551552,Store_4,South,Laptop,44,836.3209463439858,36798.121639135374
2024-10-08 09:40:20.987046912,Store_10,South,Mouse,29,31.46792530693381,912.5698339010805
2024-06-29 05:38:57.926947328,Store_5,North,Mouse,7,31.46792530693381,220.27547714853668
2024-07-09 19:08:22.507390464,Store_5,North,Monitor,28,356.037853696599,9969.05990350477
2024-06-05 01:15:33.554955264,Store_6,East,Monitor,9,356.037853696599,3204.340683269391
2024-01-10 06:40:17.581001728,Store_7,East,Mouse,28,31.46792530693381,881.1019085941467
2024-02-09 09:07:44.041660928,Store_8,South,Mouse,6,31.46792530693381,188.80755184160287
2024-01-12 11:19:10.799816960,Store_8,East,Mouse,29,31.46792530693381,912.5698339010805
2024-08-20 06:57:18.729614592,Store_2,East,Webcam,17,62.17555737617007,1056.9844753948912
2024-04-24 17:45:30.219223040,Store_9,East,Monitor,16,356.037853696599,5696.605659145584
2024-07-04 15:04:45.316570112,Store_7,East,Mouse,23,31.46792530693381,723.7622820594777
2024-11-27 06:16:56.321733376,Store_4,North,Keyboard,31,149.76228222513856,4642.630748979295
2024-03-31 23:47:59.738438912,Store_4,South,Keyboard,3,149.76228222513856,449.2868466754157
2024-05-29 18:57:15.860851712,Store_8,East,Webcam,21,62.17555737617007,1305.6867048995714
2024-10-02 18:37:40.705093632,Store_4,North,Webcam,26,62.17555737617007,1616.5644917804218
2024-03-24 12:16:18.946943744,Store_6,North,Laptop,36,836.3209463439858,30107.55406838349
2024-01-29 02:20:38.436360704,Store_5,North,Laptop,42,836.3209463439858,35125.4797464474
2024-04-15 18:13:21.819088640,Store_3,East,Laptop,37,836.3209463439858,30943.875014727477
2024-02-28 20:17:54.514842368,Store_10,East,Webcam,22,62.17555737617007,1367.8622622757416
2024-12-05 08:09:05.164275456,Store_2,South,Webcam,42,62.17555737617007,2611.373409799143
2024-10-21 23:08:04.289943552,Store_9,East,Webcam,12,62.17555737617007,746.1066885140408
2024-08-19 04:37:00.865312768,Store_10,East,Keyboard,42,149.76228222513856,6290.0158534558195
2024-11-14 01:59:41.172159744,Store_9,North,Webcam,13,62.17555737617007,808.2822458902109
2024-10-20 08:10:02.617090560,Store_1,South,Keyboard,11,149.76228222513856,1647.3851044765242
2024-03-09 02:21:13.377030144,Store_10,East,Laptop,16,836.3209463439858,13381.135141503773
2024-11-21 18:49:00.576379904,Store_3,East,Laptop,8,836.3209463439858,6690.567570751887
2024-07-15 20:38:16.941051904,Store_8,North,Laptop,40,836.3209463439858,33452.83785375943
2024-10-21 17:10:32.733253888,Store_6,North,Mouse,40,31.46792530693381,1258.7170122773525
2024-11-23 01:45:35.234387200,Store_5,East,Mouse,45,31.46792530693381,1416.0566388120214
2024-04-26 01:42:37.586712576,Store_5,South,Monitor,2,356.037853696599,712.075707393198
2024-02-10 04:03:17.491904768,Store_6,South,Monitor,30,356.037853696599,10681.135610897969
2024-03-24 04:42:43.285922560,Store_7,North,Monitor,30,356.037853696599,10681.135610897969
2024-06-04 21:27:51.222117632,Store_1,North,Mouse,12,31.46792530693381,377.61510368320575
2024-10-25 13:48:33.658131712,Store_9,East,Mouse,10,31.46792530693381,314.67925306933813
2024-11-10 03:59:59.673572096,Store_3,North,Monitor,44,356.037853696599,15665.665562650354
2024-01-03 12:54:02.388431616,Store_4,East,Monitor,11,356.037853696599,3916.4163906625886
2024-07-05 10:08:46.934086144,Store_10,South,Webcam,15,62.17555737617007,932.633360642551
2024-06-01 08:31:13.395299840,Store_1,South,Monitor,16,356.037853696599,5696.605659145584
2024-03-22 01:39:51.911004928,Store_10,East,Webcam,17,62.17555737617007,1056.9844753948912
2024-02-13 18:01:14.224235008,Store_3,North,Keyboard,26,149.76228222513856,3893.8193378536025
2024-05-03 05:30:32.045384704,Store_2,South,Mouse,2,31.46792530693381,62.93585061386762
2024-12-10 03:53:20.422585088,Store_2,North,Monitor,50,356.037853696599,17801.89268482995
2024-04-27 23:15:27.664206592,Store_1,South,Mouse,12,31.46792530693381,377.61510368320575
2024-07-08 08:36:21.047298816,Store_8,East,Mouse,26,31.46792530693381,818.1660579802791
2024-09-13 14:26:45.887718400,Store_3,East,Mouse,23,31.46792530693381,723.7622820594777
2024-05-12 17:23:43.140633344,Store_3,East,Keyboard,18,149.76228222513856,2695.721080052494
2024-12-20 16:48:39.760688128,Store_6,South,Laptop,32,836.3209463439858,26762.270283007547
2024-12-17 07:02:17.893294336,Store_8,North,Monitor,49,356.037853696599,17445.85483113335
2024-04-01 21:36:46.481148672,Store_9,North,Laptop,38,836.3209463439858,31780.195961071462
2024-06-30 11:53:48.881822208,Store_9,North,Laptop,47,836.3209463439858,39307.08447816734
2024-04-19 19:41:38.378381568,Store_4,South,Laptop,3,836.3209463439858,2508.9628390319576
2024-04-13 23:12:09.830687744,Store_5,South,Mouse,38,31.46792530693381,1195.781161663485
2024-01-14 11:07:46.771772672,Store_2,South,Webcam,3,62.17555737617007,186.5266721285102
2024-08-10 11:47:00.836390144,Store_9,South,Mouse,30,31.46792530693381,944.0377592080143
2024-07-02 11:28:05.676545280,Store_8,South,Mouse,1,31.46792530693381,31.46792530693381
2024-01-19 18:57:13.899419648,Store_3,North,Laptop,30,836.3209463439858,25089.628390319576
2024-04-11 16:56:34.896165888,Store_9,South,Mouse,45,31.46792530693381,1416.0566388120214
2024-11-27 12:24:32.979844352,Store_3,South,Laptop,32,836.3209463439858,26762.270283007547
2024-03-28 10:33:43.784073728,Store_9,North,Webcam,28,62.17555737617007,1740.915606532762
2024-02-22 21:16:44.686268928,Store_2,South,Monitor,21,356.037853696599,7476.794927628578
2024-06-27 15:36:22.248113152,Store_10,North,Laptop,46,836.3209463439858,38470.76353182335
2024-12-25 18:17:52.720832000,Store_9,North,Webcam,13,62.17555737617007,808.2822458902109
2024-03-29 08:24:15.042386688,Store_8,East,Monitor,27,356.037853696599,9613.022049808173
2024-09-02 07:54:26.622991872,Store_9,East,Keyboard,36,149.76228222513856,5391.442160104988
2024-10-04 23:47:16.189006336,Store_5,East,Laptop,7,836.3209463439858,5854.2466244079005
2024-03-27 17:42:17.587344384,Store_2,East,Laptop,22,836.3209463439858,18399.060819567687
2024-09-22 19:10:30.769823488,Store_8,South,Keyboard,10,149.76228222513856,1497.6228222513855
2024-05-14 05:46:48.873434368,Store_6,East,Keyboard,39,149.76228222513856,5840.729006780404
2024-08-18 18:59:56.673599232,Store_8,North,Laptop,15,836.3209463439858,12544.814195159788
2024-08-19 05:43:12.958555648,Store_5,South,Keyboard,15,149.76228222513856,2246.4342333770783
2024-07-14 13:23:10.436981504,Store_10,East,Mouse,4,31.46792530693381,125.87170122773524
2024-02-02 22:56:18.188435712,Store_2,North,Monitor,32,356.037853696599,11393.211318291167
2024-10-31 21:14:59.500902144,Store_6,South,Monitor,23,356.037853696599,8188.870635021776
2024-04-27 02:02:00.128948736,Store_5,South,Monitor,6,356.037853696599,2136.2271221795936
2024-03-09 01:54:07.743969792,Store_5,East,Mouse,24,31.46792530693381,755.2302073664115
2024-01-15 21:11:24.864070912,Store_1,South,Keyboard,20,149.76228222513856,2995.245644502771
2024-08-03 16:13:19.856384512,Store_2,North,Webcam,37,62.17555737617007,2300.4956229182926
2024-09-04 07:27:49.715058176,Store_8,South,Keyboard,20,149.76228222513856,2995.245644502771
2024-01-07 01:18:33.773068800,Store_3,North,Laptop,12,836.3209463439858,10035.85135612783
2024-07-05 21:56:06.686526208,Store_10,South,Monitor,33,356.037853696599,11749.249171987765
2024-03-23 16:06:10.766642176,Store_3,East,Keyboard,28,149.76228222513856,4193.34390230388
2024-08-23 11:42:49.118352384,Store_8,North,Webcam,8,62.17555737617007,497.40445900936055
2024-03-04 15:26:59.705101312,Store_8,South,Laptop,1,836.3209463439858,836.3209463439858
2024-09-09 04:36:52.508799488,Store_2,South,Mouse,37,31.46792530693381,1164.313236356551
2024-05-21 03:48:05.880933632,Store_8,South,Mouse,22,31.46792530693381,692.2943567525439
2024-12-07 21:45:16.924801536,Store_1,North,Webcam,6,62.17555737617007,373.0533442570204
2024-02-20 04:41:00.494588160,Store_6,North,Laptop,21,836.3209463439858,17562.7398732237
2024-05-04 11:44:28.446721024,Store_8,North,Monitor,32,356.037853696599,11393.211318291167
2024-02-11 10:01:40.965843200,Store_3,East,Keyboard,35,149.76228222513856,5241.679877879849
2024-12-03 12:18:57.946032640,Store_8,East,Laptop,15,836.3209463439858,12544.814195159788
2024-11-16 05:29:33.848222720,Store_1,North,Mouse,5,31.46792530693381,157.33962653466907
2024-04-04 03:34:07.171625216,Store_9,South,Webcam,46,62.17555737617007,2860.075639303823
2024-08-28 21:27:36.875733760,Store_9,East,Webcam,50,62.17555737617007,3108.7778688085036
2024-10-25 06:51:59.305545472,Store_5,North,Keyboard,48,149.76228222513856,7188.589546806651
2024-07-21 15:33:32.794600704,Store_10,South,Webcam,6,62.17555737617007,373.0533442570204
2024-07-12 07:44:20.639035136,Store_4,East,Webcam,25,62.17555737617007,1554.3889344042518
2024-03-29 06:37:33.845836544,Store_6,South,Laptop,46,836.3209463439858,38470.76353182335
2024-02-03 23:34:48.885526784,Store_7,South,Monitor,40,356.037853696599,14241.51414786396
2024-11-23 11:36:36.142816000,Store_5,South,Keyboard,29,149.76228222513856,4343.106184529019
2024-11-24 15:39:43.850702848,Store_10,South,Laptop,7,836.3209463439858,5854.2466244079005
2024-08-19 01:58:07.556569856,Store_9,East,Monitor,40,356.037853696599,14241.51414786396
2024-05-03 17:54:03.490511872,Store_3,East,Laptop,13,836.3209463439858,10872.172302471816
2024-05-07 11:04:33.144984832,Store_7,East,Laptop,38,836.3209463439858,31780.195961071462
2024-09-21 23:22:18.288851968,Store_10,North,Webcam,18,62.17555737617007,1119.1600327710612
2024-11-23 10:41:09.157864448,Store_10,East,Monitor,2,356.037853696599,712.075707393198
2024-11-19 18:52:37.475624704,Store_5,South,Keyboard,8,149.76228222513856,1198.0982578011085
2024-10-11 15:42:35.214166016,Store_7,East,Keyboard,11,149.76228222513856,1647.3851044765242
2024-08-22 08:11:49.993121536,Store_2,South,Monitor,33,356.037853696599,11749.249171987765
2024-01-31 17:03:57.936083968,Store_4,North,Webcam,38,62.17555737617007,2362.671180294463
2024-02-28 23:52:03.127687680,Store_2,South,Mouse,48,31.46792530693381,1510.460414732823
2024-11-23 23:20:04.889390080,Store_7,South,Laptop,27,836.3209463439858,22580.665551287617
2024-08-09 08:19:06.825424896,Store_2,South,Webcam,20,62.17555737617007,1243.5111475234014
2024-01-04 08:33:58.219782144,Store_1,North,Monitor,12,356.037853696599,4272.454244359187
2024-02-07 00:53:26.575823104,Store_9,East,Laptop,43,836.3209463439858,35961.80069279139
2024-08-30 04:16:31.790591744,Store_1,East,Keyboard,31,149.76228222513856,4642.630748979295
2024-01-02 20:20:22.108174336,Store_8,North,Mouse,27,31.46792530693381,849.6339832872129
2024-02-28 16:40:42.709502208,Store_2,South,Keyboard,32,149.76228222513856,4792.393031204434
2024-07-19 06:54:28.781464576,Store_8,East,Monitor,10,356.037853696599,3560.37853696599
2024-09-09 13:00:06.954436864,Store_3,North,Laptop,3,836.3209463439858,2508.9628390319576
2024-08-25 23:10:50.279674112,Store_6,East,Monitor,45,356.037853696599,16021.703416346954
2024-03-22 20:35:56.943148288,Store_3,North,Laptop,27,836.3209463439858,22580.665551287617
2024-09-16 22:41:23.924416000,Store_7,South,Webcam,35,62.17555737617007,2176.1445081659526
2024-03-27 14:18:07.223299072,Store_10,East,Mouse,31,31.46792530693381,975.5056845149481
2024-04-28 18:30:04.881150720,Store_9,North,Webcam,15,62.17555737617007,932.633360642551
2024-09-29 11:15:52.951802112,Store_2,East,Webcam,16,62.17555737617007,994.8089180187211
2024-08-25 02:47:03.104353024,Store_5,East,Monitor,13,356.037853696599,4628.492098055786
2024-11-05 23:11:49.473344512,Store_6,East,Mouse,49,31.46792530693381,1541.9283400397567
2024-08-28 00:41:20.171583744,Store_4,East,Laptop,35,836.3209463439858,29271.233122039503
2024-07-26 10:23:00.114787328,Store_4,North,Laptop,11,836.3209463439858,9199.530409783843
2024-02-04 04:35:27.478226688,Store_4,South,Keyboard,21,149.76228222513856,3145.0079267279098
2024-05-14 05:11:25.565282304,Store_2,North,Laptop,11,836.3209463439858,9199.530409783843
2024-04-06 19:10:21.867211008,Store_4,North,Monitor,30,356.037853696599,10681.135610897969
2024-03-30 01:20:57.393602816,Store_1,North,Webcam,48,62.17555737617007,2984.426754056163
2024-12-21 03:34:20.854673152,Store_6,South,Webcam,35,62.17555737617007,2176.1445081659526
2024-05-23 11:32:09.845091072,Store_1,East,Webcam,22,62.17555737617007,1367.8622622757416
2024-11-21 14:19:40.164065536,Store_10,East,Mouse,38,31.46792530693381,1195.781161663485
2024-08-18 08:46:27.709449728,Store_6,East,Laptop,31,836.3209463439858,25925.94933666356
2024-10-17 02:32:49.268489472,Store_1,South,Monitor,14,356.037853696599,4984.529951752385
2024-07-02 11:06:03.368165376,Store_6,East,Mouse,24,31.46792530693381,755.2302073664115
2024-07-29 13:40:40.905576960,Store_10,South,Keyboard,50,149.76228222513856,7488.1141112569285
2024-06-28 18:27:17.992271616,Store_8,East,Monitor,49,356.037853696599,17445.85483113335
2024-03-12 06:19:42.863199232,Store_2,East,Monitor,32,356.037853696599,11393.211318291167
2024-09-20 16:40:49.906886912,Store_2,North,Monitor,36,356.037853696599,12817.362733077563
2024-04-12 11:33:57.221934848,Store_4,South,Webcam,32,62.17555737617007,1989.6178360374422
2024-01-09 21:00:28.317382400,Store_3,North,Monitor,15,356.037853696599,5340.5678054489845
2024-08-23 14:20:14.323728384,Store_4,North,Laptop,43,836.3209463439858,35961.80069279139
2024-03-05 15:29:22.385780736,Store_7,North,Monitor,35,356.037853696599,12461.324879380963
2024-12-09 06:25:01.916153600,Store_1,South,Webcam,3,62.17555737617007,186.5266721285102
2024-12-14 04:24:51.604353536,Store_6,South,Monitor,16,356.037853696599,5696.605659145584
2024-11-29 22:12:43.409992192,Store_3,East,Keyboard,5,149.76228222513856,748.8114111256928
2024-05-15 02:35:24.771255808,Store_10,North,Keyboard,21,149.76228222513856,3145.0079267279098
2024-01-06 15:23:59.858854400,Store_7,East,Webcam,10,62.17555737617007,621.7555737617007
2024-12-04 20:04:14.189766400,Store_10,North,Laptop,19,836.3209463439858,15890.097980535731
2024-06-05 06:53:35.301334784,Store_2,South,Laptop,25,836.3209463439858,20908.023658599646
2024-12-18 19:53:46.373361152,Store_2,South,Mouse,4,31.46792530693381,125.87170122773524
2024-12-17 17:18:39.597486592,Store_4,South,Webcam,29,62.17555737617007,1803.091163908932
2024-11-07 08:21:46.187618560,Store_1,North,Monitor,19,356.037853696599,6764.719220235381
2024-04-17 11:22:20.260306432,Store_3,South,Webcam,43,62.17555737617007,2673.548967175313
2024-05-20 13:27:21.969190400,Store_9,North,Mouse,2,31.46792530693381,62.93585061386762
2024-11-06 15:57:26.072955648,Store_7,East,Webcam,10,62.17555737617007,621.7555737617007
2024-04-25 16:14:12.354608384,Store_7,North,Webcam,43,62.17555737617007,2673.548967175313
2024-03-02 20:45:23.259492608,Store_4,East,Mouse,25,31.46792530693381,786.6981326733453
2024-07-22 05:34:44.612886528,Store_2,North,Laptop,20,836.3209463439858,16726.418926879716
2024-12-07 16:42:56.957934336,Store_4,East,Monitor,48,356.037853696599,17089.81697743675
2024-09-11 01:13:15.667941888,Store_6,South,Mouse,19,31.46792530693381,597.8905808317425
2024-07-27 01:44:09.059938304,Store_3,East,Keyboard,23,149.76228222513856,3444.532491178187
2024-02-05 11:15:57.907555072,Store_1,South,Laptop,24,836.3209463439858,20071.70271225566
2024-08-12 11:27:47.901185024,Store_8,South,Keyboard,11,149.76228222513856,1647.3851044765242
2024-12-27 08:52:18.216888064,Store_5,East,Laptop,46,836.3209463439858,38470.76353182335
2024-02-21 03:08:09.504498944,Store_5,North,Monitor,34,356.037853696599,12105.287025684365
2024-07-08 04:34:03.916942848,Store_4,North,Monitor,28,356.037853696599,9969.05990350477
2024-11-16 05:47:17.196320000,Store_6,North,Webcam,5,62.17555737617007,310.87778688085035
2024-09-27 09:07:59.129496576,Store_3,North,Keyboard,5,149.76228222513856,748.8114111256928
2024-09-11 09:51:28.408026880,Store_9,North,Laptop,21,836.3209463439858,17562.7398732237
2024-09-13 09:45:38.072617472,Store_5,South,Monitor,12,356.037853696599,4272.454244359187
2024-05-11 05:08:32.944866304,Store_3,North,Mouse,50,31.46792530693381,1573.3962653466906
2024-04-17 03:51:52.400724992,Store_1,South,Monitor,4,356.037853696599,1424.151414786396
2024-10-22 10:00:13.399170304,Store_10,South,Mouse,49,31.46792530693381,1541.9283400397567
2024-10-22 16:35:36.014602752,Store_6,South,Laptop,42,836.3209463439858,35125.4797464474
2024-11-12 11:33:12.638742272,Store_2,East,Monitor,20,356.037853696599,7120.75707393198
2024-11-29 07:59:14.065420800,Store_3,East,Monitor,38,356.037853696599,13529.438440470762
2024-07-05 15:21:33.890478592,Store_1,South,Laptop,25,836.3209463439858,20908.023658599646
2024-07-02 01:16:57.869255424,Store_9,East,Monitor,14,356.037853696599,4984.529951752385
2024-10-18 09:03:56.763896320,Store_8,North,Mouse,11,31.46792530693381,346.14717837627194
2024-08-25 05:41:02.521007616,Store_2,North,Monitor,32,356.037853696599,11393.211318291167
2024-09-13 05:13:47.441198848,Store_8,South,Keyboard,11,149.76228222513856,1647.3851044765242
2024-10-17 11:08:37.623336960,Store_9,North,Webcam,18,62.17555737617007,1119.1600327710612
2024-11-20 20:26:48.459558656,Store_1,South,Mouse,27,31.46792530693381,849.6339832872129
2024-05-03 08:50:15.266470144,Store_5,South,Keyboard,18,149.76228222513856,2695.721080052494
2024-05-17 02:06:23.994453248,Store_8,North,Laptop,23,836.3209463439858,19235.381765911676
2024-02-04 07:16:54.454821632,Store_2,East,Mouse,11,31.46792530693381,346.14717837627194
2024-07-30 01:44:02.526455296,Store_4,North,Webcam,21,62.17555737617007,1305.6867048995714
2024-01-14 02:51:15.546454016,Store_7,North,Webcam,44,62.17555737617007,2735.7245245514832
2024-06-18 22:38:19.099825152,Store_3,South,Laptop,5,836.3209463439858,4181.604731719929
2024-07-17 01:34:01.200138240,Store_5,South,Laptop,23,836.3209463439858,19235.381765911676
2024-04-14 14:06:04.927117568,Store_8,South,Mouse,41,31.46792530693381,1290.1849375842862
2024-08-03 15:41:57.705304320,Store_10,South,Monitor,25,356.037853696599,8900.946342414974
2024-01-12 03:10:55.882077952,Store_3,East,Laptop,41,836.3209463439858,34289.15880010342
2024-01-14 15:10:12.480395264,Store_4,East,Monitor,10,356.037853696599,3560.37853696599
2024-10-27 05:58:51.280963072,Store_9,East,Keyboard,22,149.76228222513856,3294.7702089530485
2024-05-11 11:16:12.067545600,Store_7,South,Webcam,19,62.17555737617007,1181.3355901472314
2024-02-16 09:03:00.326989824,Store_1,South,Monitor,1,356.037853696599,356.037853696599
2024-07-09 14:51:03.449088256,Store_4,South,Webcam,7,62.17555737617007,435.2289016331905
2024-10-08 01:08:36.690517760,Store_4,East,Monitor,4,356.037853696599,1424.151414786396
2024-03-19 18:35:31.923140352,Store_9,South,Keyboard,1,149.76228222513856,149.76228222513856
2024-08-15 08:31:14.045427968,Store_6,North,Laptop,15,836.3209463439858,12544.814195159788
2024-02-01 03:38:37.656043520,Store_9,North,Keyboard,40,149.76228222513856,5990.491289005542
2024-01-19 20:43:54.758773248,Store_6,South,Laptop,12,836.3209463439858,10035.85135612783
2024-07-12 22:39:59.661133056,Store_6,North,Laptop,22,836.3209463439858,18399.060819567687
2024-07-16 07:57:49.195096320,Store_5,North,Webcam,22,62.17555737617007,1367.8622622757416
2024-08-20 15:53:09.373647360,Store_5,East,Keyboard,50,149.76228222513856,7488.1141112569285
2024-09-22 00:33:36.300277760,Store_2,South,Monitor,47,356.037853696599,16733.77912374015
2024-12-22 04:27:51.177930496,Store_8,South,Keyboard,17,149.76228222513856,2545.9587978273557
2024-07-07 10:47:27.784026624,Store_8,East,Webcam,29,62.17555737617007,1803.091163908932
2024-04-27 21:05:55.330675200,Store_1,North,Laptop,46,836.3209463439858,38470.76353182335
2024-10-17 05:49:51.838225920,Store_8,North,Webcam,14,62.17555737617007,870.457803266381
2024-04-08 20:29:25.875800832,Store_5,South,Mouse,50,31.46792530693381,1573.3962653466906
2024-06-09 05:23:22.723373056,Store_2,North,Mouse,20,31.46792530693381,629.3585061386763
2024-01-29 15:16:40.442009600,Store_2,East,Monitor,50,356.037853696599,17801.89268482995
2024-01-10 06:04:21.044349952,Store_6,East,Webcam,48,62.17555737617007,2984.426754056163
2024-12-17 08:48:00.405283072,Store_9,South,Monitor,33,356.037853696599,11749.249171987765
2024-11-01 03:11:09.080472832,Store_1,East,Monitor,43,356.037853696599,15309.627708953756
2024-09-11 00:44:02.563370752,Store_6,East,Mouse,15,31.46792530693381,472.01887960400717
2024-05-29 06:25:40.055048448,Store_9,South,Monitor,12,356.037853696599,4272.454244359187
2024-03-04 06:03:29.677754112,Store_8,East,Mouse,40,31.46792530693381,1258.7170122773525
2024-02-27 02:23:18.577675264,Store_6,East,Laptop,20,836.3209463439858,16726.418926879716
2024-04-01 08:07:40.036518656,Store_3,East,Webcam,30,62.17555737617007,1865.266721285102
2024-07-19 11:13:32.098172160,Store_8,North,Monitor,38,356.037853696599,13529.438440470762
2024-09-17 19:51:37.018269184,Store_9,South,Mouse,3,31.46792530693381,94.40377592080144
2024-08-28 23:19:44.472170496,Store_1,South,Keyboard,28,149.76228222513856,4193.34390230388
2024-04-12 04:13:15.374087168,Store_9,South,Monitor,26,356.037853696599,9256.984196111573
2024-12-14 12:37:11.490994432,Store_6,North,Laptop,30,836.3209463439858,25089.628390319576
2024-09-26 07:58:37.164917760,Store_6,North,Laptop,13,836.3209463439858,10872.172302471816
2024-07-21 08:08:29.399999488,Store_4,South,Keyboard,13,149.76228222513856,1946.9096689268013
2024-08-11 06:40:25.453246464,Store_1,North,Mouse,2,31.46792530693381,62.93585061386762
2024-06-02 03:41:47.568722688,Store_10,South,Monitor,37,356.037853696599,13173.400586774162
2024-03-31 10:07:24.484908544,Store_8,North,Mouse,49,31.46792530693381,1541.9283400397567
2024-05-09 22:19:14.393946112,Store_2,East,Laptop,38,836.3209463439858,31780.195961071462
2024-10-03 14:43:54.939604224,Store_1,East,Mouse,2,31.46792530693381,62.93585061386762
2024-01-06 06:05:13.057427968,Store_2,South,Laptop,36,836.3209463439858,30107.55406838349
2024-02-12 08:47:46.791026176,Store_1,North,Mouse,26,31.46792530693381,818.1660579802791
2024-01-17 18:58:59.318798080,Store_1,North,Keyboard,11,149.76228222513856,1647.3851044765242
2024-01-15 20:47:03.509931008,Store_9,East,Webcam,8,62.17555737617007,497.40445900936055
2024-11-08 05:50:04.977371136,Store_1,East,Keyboard,44,149.76228222513856,6589.540417906097
2024-09-13 20:02:34.253408512,Store_4,North,Keyboard,40,149.76228222513856,5990.491289005542
2024-06-22 01:45:45.874097920,Store_10,North,Webcam,43,62.17555737617007,2673.548967175313
2024-02-05 17:01:38.090289920,Store_6,North,Webcam,22,62.17555737617007,1367.8622622757416
2024-06-28 10:33:18.237684480,Store_7,North,Monitor,20,356.037853696599,7120.75707393198
2024-06-21 19:36:45.763335936,Store_2,North,Monitor,8,356.037853696599,2848.302829572792
2024-03-04 05:14:54.169482240,Store_6,North,Keyboard,29,149.76228222513856,4343.106184529019
2024-06-07 08:32:25.610368768,Store_7,South,Keyboard,40,149.76228222513856,5990.491289005542
2024-05-25 10:54:05.303955456,Store_10,North,Laptop,26,836.3209463439858,21744.34460494363
2024-08-12 18:50:48.692174592,Store_10,East,Laptop,30,836.3209463439858,25089.628390319576
2024-08-19 19:25:13.373762048,Store_2,South,Monitor,17,356.037853696599,6052.643512842183
2024-01-17 12:51:47.252171264,Store_2,North,Monitor,20,356.037853696599,7120.75707393198
2024-05-16 17:36:23.414860288,Store_10,East,Laptop,16,836.3209463439858,13381.135141503773
2024-08-16 10:31:58.301964288,Store_7,South,Laptop,46,836.3209463439858,38470.76353182335
2024-07-02 15:28:25.050581760,Store_1,East,Mouse,43,31.46792530693381,1353.1207881981538
2024-11-08 14:51:03.631714816,Store_8,North,Mouse,7,31.46792530693381,220.27547714853668
2024-08-28 10:09:22.366735104,Store_3,North,Laptop,16,836.3209463439858,13381.135141503773
2024-02-29 11:18:20.092440064,Store_6,North,Mouse,45,31.46792530693381,1416.0566388120214
2024-01-26 18:10:56.018019840,Store_9,North,Webcam,47,62.17555737617007,2922.2511966799934
2024-08-22 11:35:34.357514240,Store_6,South,Monitor,48,356.037853696599,17089.81697743675
2024-01-10 16:14:20.689240576,Store_9,South,Monitor,27,356.037853696599,9613.022049808173
2024-08-01 19:23:38.731040000,Store_7,East,Laptop,23,836.3209463439858,19235.381765911676
2024-12-09 04:25:00.893577472,Store_9,North,Keyboard,24,149.76228222513856,3594.2947734033255
2024-07-29 01:09:13.673493760,Store_2,East,Laptop,9,836.3209463439858,7526.888517095873
2024-05-21 16:22:06.792848896,Store_8,South,Mouse,35,31.46792530693381,1101.3773857426834
2024-08-22 19:12:17.256797952,Store_8,North,Keyboard,20,149.76228222513856,2995.245644502771
2024-06-16 06:17:43.154540544,Store_2,North,Mouse,37,31.46792530693381,1164.313236356551
2024-07-18 03:36:11.067867392,Store_4,South,Webcam,42,62.17555737617007,2611.373409799143
2024-12-09 15:13:54.209576448,Store_7,South,Mouse,17,31.46792530693381,534.9547302178748
2024-05-20 22:15:32.785685248,Store_4,South,Webcam,47,62.17555737617007,2922.2511966799934
2024-12-16 20:01:45.620750848,Store_4,South,Webcam,31,62.17555737617007,1927.4422786612722
2024-11-26 10:52:17.844726528,Store_6,South,Mouse,8,31.46792530693381,251.7434024554705
2024-03-12 11:07:49.226715136,Store_10,North,Mouse,15,31.46792530693381,472.01887960400717
2024-01-26 07:36:17.984399104,Store_6,South,Webcam,31,62.17555737617007,1927.4422786612722
2024-02-06 18:48:55.051438592,Store_10,North,Keyboard,30,149.76228222513856,4492.8684667541565
2024-01-07 15:37:23.493747200,Store_3,North,Webcam,46,62.17555737617007,2860.075639303823
2024-02-04 11:19:13.210398976,Store_9,South,Monitor,20,356.037853696599,7120.75707393198
2024-09-06 07:08:21.606458112,Store_10,South,Webcam,39,62.17555737617007,2424.8467376706326
2024-01-26 23:36:45.217841664,Store_2,North,Keyboard,12,149.76228222513856,1797.1473867016628
2024-04-26 10:13:35.476944128,Store_6,South,Monitor,49,356.037853696599,17445.85483113335
2024-11-04 09:06:27.806732800,Store_7,South,Laptop,17,836.3209463439858,14217.456087847759
2024-01-09 11:51:43.765364992,Store_9,South,Laptop,42,836.3209463439858,35125.4797464474
2024-10-24 06:44:38.066924800,Store_3,East,Keyboard,30,149.76228222513856,4492.8684667541565
2024-04-12 21:02:52.177253888,Store_10,North,Webcam,29,62.17555737617007,1803.091163908932
2024-02-13 03:07:26.003876608,Store_3,East,Mouse,19,31.46792530693381,597.8905808317425
2024-09-11 07:25:03.246923776,Store_7,South,Keyboard,46,149.76228222513856,6889.064982356374
2024-08-17 13:32:21.616050432,Store_4,East,Monitor,11,356.037853696599,3916.4163906625886
2024-11-16 06:39:17.418589184,Store_8,South,Monitor,34,356.037853696599,12105.287025684365
2024-09-25 07:13:20.437399296,Store_7,East,Laptop,50,836.3209463439858,41816.04731719929
2024-10-20 06:29:34.620616704,Store_5,South,Monitor,7,356.037853696599,2492.2649758761927
2024-04-12 22:37:22.280608768,Store_7,East,Keyboard,44,149.76228222513856,6589.540417906097
2024-03-05 18:22:13.452637440,Store_3,East,Monitor,34,356.037853696599,12105.287025684365
2024-09-30 23:23:06.807746048,Store_2,East,Keyboard,20,149.76228222513856,2995.245644502771
2024-10-21 11:52:20.337532416,Store_6,North,Mouse,50,31.46792530693381,1573.3962653466906
2024-12-27 12:49:30.158133248,Store_2,East,Laptop,38,836.3209463439858,31780.195961071462
2024-05-30 14:31:51.059078656,Store_3,North,Monitor,24,356.037853696599,8544.908488718374
2024-05-15 18:52:42.353561088,Store_6,South,Keyboard,10,149.76228222513856,1497.6228222513855
2024-10-10 09:22:39.129959680,Store_5,East,Webcam,32,62.17555737617007,1989.6178360374422
2024-05-04 09:26:20.445419264,Store_8,South,Laptop,15,836.3209463439858,12544.814195159788
2024-12-05 17:26:03.020233984,Store_9,South,Mouse,37,31.46792530693381,1164.313236356551
2024-11-09 07:41:44.542121216,Store_3,East,Keyboard,20,149.76228222513856,2995.245644502771
2024-06-05 13:59:15.647298560,Store_10,North,Mouse,3,31.46792530693381,94.40377592080144
2024-10-01 01:37:49.993872640,Store_3,East,Mouse,37,31.46792530693381,1164.313236356551
2024-10-02 09:47:44.077134592,Store_3,South,Monitor,40,356.037853696599,14241.51414786396
2024-02-07 15:21:54.327609856,Store_6,South,Monitor,8,356.037853696599,2848.302829572792
2024-11-25 10:21:48.465046784,Store_1,East,Keyboard,40,149.76228222513856,5990.491289005542
2024-07-03 10:00:38.817515520,Store_7,North,Webcam,44,62.17555737617007,2735.7245245514832
2024-10-28 15:46:02.651173632,Store_1,North,Keyboard,23,149.76228222513856,3444.532491178187
2024-04-26 19:38:04.218101248,Store_5,South,Webcam,40,62.17555737617007,2487.022295046803
2024-11-22 20:47:00.533856256,Store_10,South,Mouse,11,31.46792530693381,346.14717837627194
2024-05-22 01:24:24.140560640,Store_8,North,Laptop,46,836.3209463439858,38470.76353182335
2024-01-04 22:56:16.177082624,Store_4,East,Keyboard,8,149.76228222513856,1198.0982578011085
2024-11-26 11:08:46.008357888,Store_5,South,Keyboard,29,149.76228222513856,4343.106184529019
2024-02-03 07:40:16.639127552,Store_4,North,Webcam,30,62.17555737617007,1865.266721285102
2024-04-26 13:11:14.875051264,Store_4,South,Mouse,10,31.46792530693381,314.67925306933813
2024-12-12 18:32:34.192914176,Store_8,East,Mouse,39,31.46792530693381,1227.2490869704186
2024-12-12 23:19:06.985822720,Store_2,North,Webcam,28,62.17555737617007,1740.915606532762
2024-07-28 07:18:57.239855872,Store_1,South,Mouse,49,31.46792530693381,1541.9283400397567
2024-08-18 14:53:38.322986752,Store_3,East,Monitor,36,356.037853696599,12817.362733077563
2024-06-12 16:22:57.981108224,Store_9,South,Laptop,13,836.3209463439858,10872.172302471816
2024-04-17 00:31:34.896270080,Store_4,East,Keyboard,32,149.76228222513856,4792.393031204434
2024-04-29 23:06:05.102785792,Store_10,East,Laptop,36,836.3209463439858,30107.55406838349
2024-09-02 11:15:42.030845440,Store_5,North,Keyboard,37,149.76228222513856,5541.204442330127
2024-10-01 14:48:03.160346624,Store_2,East,Monitor,26,356.037853696599,9256.984196111573
2024-10-15 22:13:56.722938368,Store_4,South,Mouse,22,31.46792530693381,692.2943567525439
2024-10-15 05:03:17.751169024,Store_2,East,Webcam,4,62.17555737617007,248.70222950468028
2024-02-03 06:57:55.665743616,Store_2,East,Monitor,31,356.037853696599,11037.173464594569
2024-06-29 11:07:18.729100544,Store_4,North,Laptop,18,836.3209463439858,15053.777034191746
2024-01-22 00:12:53.055884800,Store_6,East,Webcam,38,62.17555737617007,2362.671180294463
2024-07-19 13:52:22.832961280,Store_7,East,Mouse,24,31.46792530693381,755.2302073664115
2024-06-10 03:48:25.891310848,Store_10,South,Monitor,23,356.037853696599,8188.870635021776
2024-11-20 00:17:19.107465728,Store_3,North,Webcam,22,62.17555737617007,1367.8622622757416
2024-05-08 02:00:55.835842304,Store_3,North,Monitor,2,356.037853696599,712.075707393198
2024-02-12 17:30:25.430061056,Store_10,North,Monitor,31,356.037853696599,11037.173464594569
2024-02-22 04:36:25.685218304,Store_6,East,Mouse,11,31.46792530693381,346.14717837627194
2024-10-04 22:49:59.281842176,Store_3,North,Keyboard,28,149.76228222513856,4193.34390230388
2024-08-13 15:35:24.844741632,Store_2,East,Webcam,46,62.17555737617007,2860.075639303823
2024-02-06 21:50:04.714208256,Store_8,East,Mouse,32,31.46792530693381,1006.973609821882
2024-01-31 16:46:32.237642496,Store_5,South,Monitor,5,356.037853696599,1780.189268482995
2024-09-12 20:29:22.529694720,Store_1,South,Mouse,38,31.46792530693381,1195.781161663485
2024-01-27 13:24:14.168701184,Store_3,South,Keyboard,10,149.76228222513856,1497.6228222513855
2024-10-26 23:29:38.829780736,Store_10,South,Webcam,40,62.17555737617007,2487.022295046803
2024-09-14 18:40:54.875607296,Store_8,South,Keyboard,46,149.76228222513856,6889.064982356374
2024-01-30 16:36:55.146322944,Store_4,East,Laptop,24,836.3209463439858,20071.70271225566
2024-01-31 23:10:42.151390720,Store_7,East,Webcam,35,62.17555737617007,2176.1445081659526
2024-12-26 02:57:45.747613184,Store_10,North,Keyboard,44,149.76228222513856,6589.540417906097
2024-05-16 14:36:43.814964992,Store_2,East,Monitor,48,356.037853696599,17089.81697743675
2024-05-15 06:49:30.749901568,Store_7,East,Webcam,23,62.17555737617007,1430.0378196519116
2024-10-23 16:07:27.153032704,Store_5,South,Webcam,17,62.17555737617007,1056.9844753948912
2024-12-11 17:53:51.136377344,Store_5,East,Mouse,1,31.46792530693381,31.46792530693381
2024-12-25 21:22:09.548718080,Store_6,South,Monitor,31,356.037853696599,11037.173464594569
2024-10-01 23:35:34.450326016,Store_9,North,Laptop,31,836.3209463439858,25925.94933666356
2024-05-17 08:02:02.289303040,Store_6,North,Keyboard,42,149.76228222513856,6290.0158534558195
2024-01-31 11:27:58.601809152,Store_8,East,Mouse,42,31.46792530693381,1321.6528628912201
2024-10-10 15:48:25.140687616,Store_7,North,Keyboard,34,149.76228222513856,5091.9175956547115
2024-07-22 19:37:16.419668224,Store_9,East,Laptop,9,836.3209463439858,7526.888517095873
2024-06-03 20:11:05.283612672,Store_4,North,Laptop,22,836.3209463439858,18399.060819567687
2024-11-26 19:39:51.888347648,Store_2,South,Webcam,13,62.17555737617007,808.2822458902109
2024-02-10 14:05:23.802006784,Store_7,South,Laptop,25,836.3209463439858,20908.023658599646
2024-06-28 19:23:45.288916480,Store_6,South,Keyboard,48,149.76228222513856,7188.589546806651
2024-01-05 03:27:28.541385216,Store_1,South,Monitor,18,356.037853696599,6408.681366538782
2024-06-20 01:28:02.005926656,Store_9,East,Monitor,12,356.037853696599,4272.454244359187
2024-01-21 13:13:00.101902336,Store_9,North,Webcam,40,62.17555737617007,2487.022295046803
2024-02-13 08:50:41.807429888,Store_2,East,Keyboard,17,149.76228222513856,2545.9587978273557
2024-02-12 21:31:47.718362880,Store_3,South,Keyboard,15,149.76228222513856,2246.4342333770783
2024-08-24 23:04:56.087532288,Store_5,East,Laptop,42,836.3209463439858,35125.4797464474
2024-09-29 07:21:11.312514304,Store_5,North,Keyboard,15,149.76228222513856,2246.4342333770783
2024-07-31 22:18:37.376103936,Store_1,East,Mouse,15,31.46792530693381,472.01887960400717
2024-12-17 04:37:53.488693248,Store_8,North,Laptop,39,836.3209463439858,32616.516907415447
2024-05-16 19:51:58.595859456,Store_8,East,Mouse,13,31.46792530693381,409.08302899013955
2024-04-14 06:50:16.352984832,Store_4,North,Webcam,17,62.17555737617007,1056.9844753948912
2024-11-13 00:55:42.106582784,Store_7,North,Monitor,32,356.037853696599,11393.211318291167
2024-03-22 14:41:58.363549440,Store_10,South,Webcam,9,62.17555737617007,559.5800163855306
2024-12-17 13:49:46.003799040,Store_3,North,Monitor,40,356.037853696599,14241.51414786396
2024-01-05 10:28:23.513818112,Store_6,South,Webcam,20,62.17555737617007,1243.5111475234014
2024-12-20 00:08:18.679052032,Store_10,South,Keyboard,26,149.76228222513856,3893.8193378536025
2024-01-16 18:04:50.983273472,Store_10,South,Mouse,27,31.46792530693381,849.6339832872129
2024-11-21 06:24:49.233582336,Store_9,East,Monitor,21,356.037853696599,7476.794927628578
2024-07-11 14:39:42.176145664,Store_1,East,Laptop,18,836.3209463439858,15053.777034191746
2024-12-28 10:22:17.810418176,Store_5,East,Mouse,13,31.46792530693381,409.08302899013955
2024-01-27 22:27:28.465495552,Store_4,East,Laptop,16,836.3209463439858,13381.135141503773
2024-07-21 03:45:48.712880128,Store_8,North,Mouse,9,31.46792530693381,283.2113277624043
2024-12-19 19:05:24.763283968,Store_1,North,Mouse,12,31.46792530693381,377.61510368320575
2024-07-09 22:20:13.613749760,Store_9,East,Webcam,44,62.17555737617007,2735.7245245514832
2024-08-17 17:31:55.452233728,Store_6,North,Monitor,38,356.037853696599,13529.438440470762
2024-09-10 22:45:30.655819008,Store_4,North,Monitor,19,356.037853696599,6764.719220235381
2024-06-14 21:46:47.018516480,Store_9,South,Mouse,7,31.46792530693381,220.27547714853668
2024-08-17 01:24:31.613531136,Store_5,South,Keyboard,35,149.76228222513856,5241.679877879849
2024-08-01 06:35:36.140806912,Store_5,South,Keyboard,48,149.76228222513856,7188.589546806651
2024-11-24 22:08:39.018843904,Store_5,South,Laptop,18,836.3209463439858,15053.777034191746
2024-01-17 14:06:37.050448128,Store_1,North,Laptop,16,836.3209463439858,13381.135141503773
2024-04-12 13:14:15.146980608,Store_1,East,Webcam,39,62.17555737617007,2424.8467376706326
2024-12-12 21:36:16.561838336,Store_8,North,Mouse,4,31.46792530693381,125.87170122773524
2024-11-20 22:42:38.688783872,Store_8,North,Laptop,25,836.3209463439858,20908.023658599646
2024-06-15 07:33:11.355850240,Store_6,North,Laptop,32,836.3209463439858,26762.270283007547
2024-08-14 08:21:41.604269312,Store_4,South,Mouse,40,31.46792530693381,1258.7170122773525
2024-04-11 05:51:32.986492928,Store_2,South,Webcam,13,62.17555737617007,808.2822458902109
2024-03-09 15:56:28.893048576,Store_2,South,Laptop,45,836.3209463439858,37634.442585479366
2024-06-18 05:59:52.898187264,Store_9,East,Webcam,17,62.17555737617007,1056.9844753948912
2024-05-08 23:21:55.863029504,Store_5,North,Monitor,49,356.037853696599,17445.85483113335
2024-08-01 00:49:39.143329024,Store_4,East,Webcam,37,62.17555737617007,2300.4956229182926
2024-01-29 08:57:19.511327744,Store_10,South,Keyboard,6,149.76228222513856,898.5736933508314
2024-12-21 15:41:54.654560256,Store_1,East,Keyboard,19,149.76228222513856,2845.4833622776328
2024-12-25 23:12:22.037908736,Store_7,North,Webcam,13,62.17555737617007,808.2822458902109
2024-09-11 19:53:47.813326592,Store_3,North,Keyboard,26,149.76228222513856,3893.8193378536025
2024-07-14 16:12:15.009028096,Store_6,South,Monitor,14,356.037853696599,4984.529951752385
2024-04-22 23:27:42.907205632,Store_5,South,Mouse,31,31.46792530693381,975.5056845149481
2024-10-24 00:50:39.741478400,Store_5,East,Keyboard,4,149.76228222513856,599.0491289005543
2024-09-06 22:14:42.257659136,Store_5,South,Keyboard,39,149.76228222513856,5840.729006780404
2024-02-29 08:31:27.799180544,Store_1,South,Webcam,8,62.17555737617007,497.40445900936055
2024-11-28 11:43:19.690197760,Store_1,North,Monitor,25,356.037853696599,8900.946342414974
2024-10-27 05:25:34.492825088,Store_3,South,Mouse,13,31.46792530693381,409.08302899013955
2024-12-12 16:14:50.065574144,Store_10,South,Webcam,32,62.17555737617007,1989.6178360374422
2024-09-21 21:18:10.416535296,Store_4,North,Webcam,38,62.17555737617007,2362.671180294463
2024-08-11 21:31:01.619031040,Store_5,North,Monitor,38,356.037853696599,13529.438440470762
2024-06-01 15:48:32.392461056,Store_2,East,Mouse,28,31.46792530693381,881.1019085941467
2024-12-06 10:42:05.451052288,Store_8,South,Monitor,30,356.037853696599,10681.135610897969
2024-11-12 02:43:10.819284992,Store_2,North,Mouse,3,31.46792530693381,94.40377592080144
2024-01-17 12:06:55.980468736,Store_9,East,Monitor,28,356.037853696599,9969.05990350477
2024-01-10 14:58:28.907745280,Store_2,East,Webcam,3,62.17555737617007,186.5266721285102
2024-05-17 09:49:08.737866240,Store_9,South,Webcam,45,62.17555737617007,2797.900081927653
2024-10-22 20:26:49.839535872,Store_7,South,Laptop,34,836.3209463439858,28434.912175695517
2024-12-26 08:32:20.014076160,Store_8,East,Keyboard,16,149.76228222513856,2396.196515602217
2024-02-24 21:39:07.077840896,Store_2,North,Monitor,22,356.037853696599,7832.832781325177
2024-08-04 20:35:06.239344896,Store_7,East,Laptop,32,836.3209463439858,26762.270283007547
2024-05-19 00:36:14.054715904,Store_6,South,Keyboard,38,149.76228222513856,5690.9667245552655
2024-12-20 00:27:00.449481216,Store_4,North,Monitor,8,356.037853696599,2848.302829572792
2024-11-03 08:57:42.360007680,Store_7,North,Mouse,8,31.46792530693381,251.7434024554705
2024-11-01 23:45:34.031770368,Store_4,East,Keyboard,6,149.76228222513856,898.5736933508314
2024-06-20 01:45:07.487294208,Store_2,South,Webcam,14,62.17555737617007,870.457803266381
2024-05-31 09:49:07.825720576,Store_10,East,Laptop,32,836.3209463439858,26762.270283007547
2024-04-09 19:02:45.420406784,Store_7,East,Keyboard,35,149.76228222513856,5241.679877879849
2024-01-21 13:50:57.662383616,Store_8,East,Keyboard,10,149.76228222513856,1497.6228222513855
2024-11-11 14:58:04.857579264,Store_2,North,Webcam,3,62.17555737617007,186.5266721285102
2024-10-23 17:00:46.223926016,Store_5,North,Monitor,12,356.037853696599,4272.454244359187
2024-12-30 21:31:36.544751360,Store_1,South,Mouse,49,31.46792530693381,1541.9283400397567
2024-12-29 18:32:19.293962752,Store_7,South,Webcam,31,62.17555737617007,1927.4422786612722
2024-07-21 17:34:54.267884544,Store_8,East,Mouse,29,31.46792530693381,912.5698339010805
2024-10-07 16:19:47.125132544,Store_6,East,Monitor,5,356.037853696599,1780.189268482995
2024-12-10 20:08:52.057572352,Store_5,East,Keyboard,25,149.76228222513856,3744.0570556284642
2024-11-06 02:54:40.112402944,Store_6,South,Mouse,41,31.46792530693381,1290.1849375842862
2024-03-31 06:46:09.736573440,Store_2,North,Laptop,31,836.3209463439858,25925.94933666356
2024-06-13 10:45:59.851139072,Store_1,North,Laptop,21,836.3209463439858,17562.7398732237
2024-02-17 03:26:11.316217600,Store_7,East,Webcam,20,62.17555737617007,1243.5111475234014
2024-12-14 05:29:13.195631104,Store_7,East,Monitor,39,356.037853696599,13885.47629416736
2024-08-09 06:05:23.272043008,Store_10,East,Webcam,22,62.17555737617007,1367.8622622757416
2024-03-24 10:54:39.514357248,Store_10,East,Webcam,4,62.17555737617007,248.70222950468028
2024-09-02 04:05:52.783422976,Store_2,South,Webcam,13,62.17555737617007,808.2822458902109
2024-08-13 14:48:12.191080192,Store_2,North,Laptop,45,836.3209463439858,37634.442585479366
2024-05-10 17:30:19.475883776,Store_1,East,Laptop,42,836.3209463439858,35125.4797464474
2024-02-11 10:45:52.227607552,Store_10,South,Webcam,50,62.17555737617007,3108.7778688085036
2024-09-02 02:58:52.296214528,Store_8,East,Laptop,49,836.3209463439858,40979.72637085531
2024-07-08 21:53:43.655702016,Store_8,East,Monitor,20,356.037853696599,7120.75707393198
2024-10-08 21:30:32.801775104,Store_1,North,Webcam,13,62.17555737617007,808.2822458902109
2024-07-08 20:37:56.171067904,Store_8,East,Laptop,17,836.3209463439858,14217.456087847759
2024-11-07 01:06:35.794045440,Store_9,North,Mouse,36,31.46792530693381,1132.8453110496173
2024-07-20 10:42:14.067592192,Store_4,North,Webcam,33,62.17555737617007,2051.793393413612
2024-07-23 17:48:59.870339840,Store_1,North,Webcam,1,62.17555737617007,62.17555737617007
2024-11-15 23:29:08.013433600,Store_1,South,Monitor,15,356.037853696599,5340.5678054489845
2024-05-27 06:30:35.668874240,Store_3,South,Keyboard,13,149.76228222513856,1946.9096689268013
2024-02-18 21:58:24.244419328,Store_5,North,Keyboard,17,149.76228222513856,2545.9587978273557
2024-01-11 12:08:10.480217344,Store_5,East,Monitor,24,356.037853696599,8544.908488718374
2024-10-02 15:00:08.494923264,Store_9,North,Monitor,8,356.037853696599,2848.302829572792
2024-08-14 09:54:42.011482880,Store_10,East,Monitor,50,356.037853696599,17801.89268482995
2024-09-13 23:44:19.566777088,Store_2,North,Keyboard,27,149.76228222513856,4043.5816200787413
2024-03-18 17:33:57.797345024,Store_2,East,Monitor,45,356.037853696599,16021.703416346954
2024-02-19 18:36:50.854104320,Store_6,South,Laptop,23,836.3209463439858,19235.381765911676
2024-01-06 07:24:40.576502272,Store_9,East,Webcam,46,62.17555737617007,2860.075639303823
2024-05-07 23:08:49.254524928,Store_1,North,Webcam,8,62.17555737617007,497.40445900936055
2024-08-03 07:40:44.172647680,Store_9,South,Mouse,8,31.46792530693381,251.7434024554705
2024-05-23 04:03:28.206265088,Store_9,East,Mouse,26,31.46792530693381,818.1660579802791
2024-06-08 16:16:49.140940288,Store_9,East,Webcam,47,62.17555737617007,2922.2511966799934
2024-11-26 00:25:48.589554944,Store_5,East,Laptop,13,836.3209463439858,10872.172302471816
2024-05-07 02:43:04.408046848,Store_9,East,Keyboard,39,149.76228222513856,5840.729006780404
2024-07-06 14:32:52.530143744,Store_4,East,Keyboard,37,149.76228222513856,5541.204442330127
2024-10-13 00:48:01.409804800,Store_2,South,Laptop,49,836.3209463439858,40979.72637085531
2024-05-24 17:42:53.183283456,Store_6,South,Keyboard,28,149.76228222513856,4193.34390230388
2024-08-15 01:28:46.178386176,Store_4,South,Monitor,25,356.037853696599,8900.946342414974
2024-11-10 18:18:21.919037440,Store_6,South,Webcam,16,62.17555737617007,994.8089180187211
2024-12-12 13:48:02.387667456,Store_3,North,Webcam,2,62.17555737617007,124.35111475234014
2024-02-23 16:21:49.294578176,Store_6,South,Laptop,18,836.3209463439858,15053.777034191746
2024-12-04 04:54:27.347092992,Store_2,East,Keyboard,17,149.76228222513856,2545.9587978273557
2024-06-28 14:56:19.418556416,Store_2,East,Mouse,30,31.46792530693381,944.0377592080143
2024-04-04 06:13:15.029395968,Store_9,South,Mouse,39,31.46792530693381,1227.2490869704186
2024-06-16 14:01:45.208729856,Store_7,East,Keyboard,13,149.76228222513856,1946.9096689268013
2024-12-23 17:05:07.294202880,Store_3,South,Mouse,32,31.46792530693381,1006.973609821882
2024-06-28 19:20:04.212159232,Store_1,East,Laptop,50,836.3209463439858,41816.04731719929
2024-04-29 23:51:50.782026752,Store_8,North,Laptop,29,836.3209463439858,24253.30744397559
2024-08-19 04:35:29.341732352,Store_6,North,Keyboard,46,149.76228222513856,6889.064982356374
2024-03-28 15:40:32.233789184,Store_7,South,Mouse,30,31.46792530693381,944.0377592080143
2024-01-28 16:33:45.915234816,Store_9,South,Laptop,18,836.3209463439858,15053.777034191746
2024-02-17 00:59:10.910174208,Store_5,South,Laptop,13,836.3209463439858,10872.172302471816
2024-02-16 17:40:53.577372416,Store_1,East,Monitor,43,356.037853696599,15309.627708953756
2024-02-25 10:40:03.342603776,Store_10,South,Monitor,21,356.037853696599,7476.794927628578
2024-02-20 16:07:33.716671744,Store_7,North,Laptop,30,836.3209463439858,25089.628390319576
2024-08-21 22:03:45.952114176,Store_5,East,Keyboard,21,149.76228222513856,3145.0079267279098
2024-03-07 09:16:10.341611520,Store_3,South,Webcam,48,62.17555737617007,2984.426754056163
2024-05-06 04:02:43.446901248,Store_9,East,Webcam,17,62.17555737617007,1056.9844753948912
2024-11-23 07:51:59.294796032,Store_1,East,Laptop,40,836.3209463439858,33452.83785375943
2024-06-21 23:54:14.287330048,Store_1,South,Laptop,19,836.3209463439858,15890.097980535731
2024-08-31 15:48:20.841999104,Store_1,East,Laptop,15,836.3209463439858,12544.814195159788
2024-03-03 21:31:19.458214656,Store_3,North,Keyboard,9,149.76228222513856,1347.860540026247
2024-03-11 04:27:06.497150208,Store_6,North,Monitor,10,356.037853696599,3560.37853696599
2024-01-15 22:00:32.682579712,Store_10,East,Laptop,44,836.3209463439858,36798.121639135374
2024-03-02 15:52:16.149043712,Store_3,South,Laptop,31,836.3209463439858,25925.94933666356
2024-04-11 16:27:04.931711744,Store_8,East,Mouse,23,31.46792530693381,723.7622820594777
2024-03-05 14:36:42.632151552,Store_10,North,Keyboard,30,149.76228222513856,4492.8684667541565
2024-02-02 09:02:03.104562432,Store_2,East,Laptop,33,836.3209463439858,27598.591229351532
2024-02-14 00:46:12.831028480,Store_9,East,Mouse,9,31.46792530693381,283.2113277624043
2024-06-17 04:25:19.228679936,Store_3,North,Webcam,47,62.17555737617007,2922.2511966799934
2024-03-16 07:29:00.143645184,Store_5,East,Laptop,1,836.3209463439858,836.3209463439858
2024-05-12 23:00:14.338012160,Store_10,East,Laptop,44,836.3209463439858,36798.121639135374
2024-07-02 17:56:07.053678848,Store_8,South,Mouse,35,31.46792530693381,1101.3773857426834
2024-09-08 23:51:31.315655680,Store_2,South,Keyboard,11,149.76228222513856,1647.3851044765242
2024-01-15 08:22:27.642028800,Store_6,North,Laptop,34,836.3209463439858,28434.912175695517
2024-10-18 18:50:06.339995648,Store_5,North,Webcam,16,62.17555737617007,994.8089180187211
2024-08-17 04:24:26.682985216,Store_10,North,Laptop,9,836.3209463439858,7526.888517095873
2024-01-30 20:12:32.831539712,Store_9,South,Webcam,32,62.17555737617007,1989.6178360374422
2024-11-14 20:32:55.489831424,Store_5,North,Monitor,15,356.037853696599,5340.5678054489845
2024-12-02 02:50:32.023171328,Store_2,North,Monitor,12,356.037853696599,4272.454244359187
2024-01-23 07:02:34.541982976,Store_5,North,Webcam,33,62.17555737617007,2051.793393413612
2024-04-11 01:26:53.511970304,Store_4,South,Keyboard,45,149.76228222513856,6739.302700131236
2024-10-21 06:19:23.559554048,Store_7,East,Laptop,14,836.3209463439858,11708.493248815801
2024-09-30 02:45:17.595939072,Store_6,North,Laptop,8,836.3209463439858,6690.567570751887
2024-03-08 08:24:14.866422784,Store_2,East,Monitor,8,356.037853696599,2848.302829572792
2024-03-17 09:54:00.260746496,Store_5,North,Webcam,27,62.17555737617007,1678.7400491565918
2024-05-15 05:20:08.233628928,Store_7,East,Laptop,12,836.3209463439858,10035.85135612783
2024-06-25 20:25:16.860984064,Store_7,South,Laptop,1,836.3209463439858,836.3209463439858
2024-08-13 15:54:42.474979328,Store_5,South,Keyboard,43,149.76228222513856,6439.778135680958
2024-05-14 15:41:00.537472256,Store_9,North,Mouse,40,31.46792530693381,1258.7170122773525
2024-06-17 19:48:14.807974912,Store_4,East,Monitor,42,356.037853696599,14953.589855257156
2024-09-29 19:50:43.504986112,Store_3,South,Monitor,11,356.037853696599,3916.4163906625886
2024-01-14 09:20:41.486358016,Store_4,North,Mouse,39,31.46792530693381,1227.2490869704186
2024-04-02 03:20:51.476833024,Store_5,North,Laptop,43,836.3209463439858,35961.80069279139
2024-09-17 08:56:32.540455168,Store_6,South,Keyboard,31,149.76228222513856,4642.630748979295
2024-11-22 18:00:42.833303552,Store_3,South,Keyboard,17,149.76228222513856,2545.9587978273557
2024-07-05 18:17:39.814559744,Store_2,North,Monitor,33,356.037853696599,11749.249171987765
2024-07-13 05:18:50.871326976,Store_4,East,Keyboard,32,149.76228222513856,4792.393031204434
2024-02-09 02:49:36.549611264,Store_5,East,Mouse,29,31.46792530693381,912.5698339010805
2024-06-12 07:19:56.400144384,Store_4,East,Laptop,21,836.3209463439858,17562.7398732237
2024-07-13 09:43:38.114925568,Store_3,North,Mouse,21,31.46792530693381,660.8264314456101
2024-03-29 12:02:29.802624768,Store_8,South,Webcam,40,62.17555737617007,2487.022295046803
2024-04-08 06:34:14.531219712,Store_10,North,Monitor,23,356.037853696599,8188.870635021776
2024-05-17 17:00:33.367667456,Store_4,South,Keyboard,6,149.76228222513856,898.5736933508314
2024-01-08 07:49:25.293118464,Store_2,East,Webcam,22,62.17555737617007,1367.8622622757416
2024-04-27 13:24:48.565831168,Store_2,East,Keyboard,50,149.76228222513856,7488.1141112569285
2024-03-18 04:17:04.348643072,Store_1,South,Laptop,38,836.3209463439858,31780.195961071462
2024-04-29 12:52:36.498282752,Store_4,South,Laptop,37,836.3209463439858,30943.875014727477
2024-02-13 17:06:58.589051904,Store_10,North,Laptop,45,836.3209463439858,37634.442585479366
2024-11-21 01:01:08.325413376,Store_9,East,Keyboard,8,149.76228222513856,1198.0982578011085
2024-08-04 15:52:11.615280384,Store_7,North,Webcam,41,62.17555737617007,2549.197852422973
2024-09-04 20:56:10.736540672,Store_10,North,Laptop,49,836.3209463439858,40979.72637085531
2024-10-15 01:08:24.180720896,Store_7,North,Webcam,35,62.17555737617007,2176.1445081659526
2024-06-30 22:21:13.185426688,Store_7,East,Keyboard,11,149.76228222513856,1647.3851044765242
2024-02-01 17:25:18.205125120,Store_8,North,Webcam,24,62.17555737617007,1492.2133770280816
2024-07-15 01:03:11.902789632,Store_1,North,Keyboard,49,149.76228222513856,7338.35182903179
2024-08-02 04:43:41.497906432,Store_10,North,Keyboard,21,149.76228222513856,3145.0079267279098
2024-09-29 02:02:59.257876992,Store_10,North,Monitor,2,356.037853696599,712.075707393198
2024-06-06 13:20:15.449899264,Store_8,North,Keyboard,40,149.76228222513856,5990.491289005542
2024-02-16 13:36:12.428961024,Store_4,North,Keyboard,19,149.76228222513856,2845.4833622776328
2024-04-13 13:52:36.965268480,Store_4,East,Mouse,39,31.46792530693381,1227.2490869704186
2024-05-12 12:36:03.299227392,Store_4,North,Laptop,28,836.3209463439858,23416.986497631602
2024-08-23 18:14:06.122633472,Store_6,South,Monitor,17,356.037853696599,6052.643512842183
2024-07-27 08:01:04.616038912,Store_7,North,Monitor,6,356.037853696599,2136.2271221795936
2024-05-09 23:24:26.347914496,Store_6,North,Monitor,19,356.037853696599,6764.719220235381
2024-12-26 01:52:24.885935360,Store_1,East,Mouse,38,31.46792530693381,1195.781161663485
2024-08-09 02:35:14.703238912,Store_8,East,Keyboard,28,149.76228222513856,4193.34390230388
2024-03-27 14:06:24.104186368,Store_10,South,Laptop,2,836.3209463439858,1672.6418926879717
2024-02-07 03:36:52.056557056,Store_7,South,Webcam,38,62.17555737617007,2362.671180294463
2024-02-25 19:02:45.813317120,Store_6,East,Keyboard,37,149.76228222513856,5541.204442330127
2024-03-30 18:35:22.922333952,Store_6,East,Mouse,4,31.46792530693381,125.87170122773524
2024-02-28 15:34:07.787113472,Store_5,North,Keyboard,22,149.76228222513856,3294.7702089530485
2024-03-09 02:19:37.670481920,Store_6,East,Keyboard,26,149.76228222513856,3893.8193378536025
2024-04-14 01:26:01.239929088,Store_9,South,Mouse,49,31.46792530693381,1541.9283400397567
2024-03-04 06:45:09.701215488,Store_10,North,Monitor,43,356.037853696599,15309.627708953756
2024-11-23 07:39:54.431019008,Store_9,South,Monitor,36,356.037853696599,12817.362733077563
2024-01-30 06:50:51.403185664,Store_10,North,Laptop,13,836.3209463439858,10872.172302471816
2024-07-10 10:43:11.181487616,Store_8,East,Laptop,32,836.3209463439858,26762.270283007547
2024-05-29 19:04:34.335945984,Store_10,South,Monitor,17,356.037853696599,6052.643512842183
2024-12-24 13:38:12.062829824,Store_9,North,Webcam,41,62.17555737617007,2549.197852422973
2024-02-10 21:27:38.818771712,Store_10,North,Keyboard,36,149.76228222513856,5391.442160104988
2024-05-25 05:12:54.171506432,Store_8,East,Webcam,46,62.17555737617007,2860.075639303823
2024-12-19 20:33:39.583772160,Store_8,East,Keyboard,19,149.76228222513856,2845.4833622776328
2024-11-11 21:50:32.722192640,Store_1,East,Monitor,35,356.037853696599,12461.324879380963
2024-10-25 05:33:04.829456384,Store_10,South,Laptop,46,836.3209463439858,38470.76353182335
2024-04-04 03:13:43.553689344,Store_5,North,Laptop,40,836.3209463439858,33452.83785375943
2024-03-03 08:58:30.955933184,Store_4,East,Webcam,28,62.17555737617007,1740.915606532762
2024-09-01 01:18:52.583536896,Store_2,South,Laptop,1,836.3209463439858,836.3209463439858
2024-12-05 05:20:01.193127424,Store_8,South,Monitor,42,356.037853696599,14953.589855257156
2024-07-22 05:14:34.594087168,Store_3,South,Webcam,18,62.17555737617007,1119.1600327710612
2024-07-27 15:19:37.775122688,Store_4,East,Keyboard,48,149.76228222513856,7188.589546806651
2024-04-12 04:37:00.697670656,Store_7,East,Laptop,40,836.3209463439858,33452.83785375943
2024-10-07 20:45:29.141140992,Store_10,North,Mouse,33,31.46792530693381,1038.4415351288158
2024-03-09 06:30:11.654510080,Store_9,North,Laptop,12,836.3209463439858,10035.85135612783
2024-04-28 03:25:48.399244288,Store_2,East,Keyboard,8,149.76228222513856,1198.0982578011085
2024-06-04 06:49:23.528207360,Store_3,South,Webcam,24,62.17555737617007,1492.2133770280816
2024-07-04 06:40:00.902192896,Store_4,South,Keyboard,16,149.76228222513856,2396.196515602217
2024-03-29 11:30:33.321442048,Store_10,South,Mouse,50,31.46792530693381,1573.3962653466906
2024-02-11 21:58:14.104975616,Store_1,North,Monitor,4,356.037853696599,1424.151414786396
2024-08-10 21:01:53.658439424,Store_7,South,Laptop,38,836.3209463439858,31780.195961071462
2024-04-15 08:24:13.126984704,Store_2,North,Webcam,44,62.17555737617007,2735.7245245514832
2024-07-31 03:38:48.550783488,Store_5,North,Monitor,27,356.037853696599,9613.022049808173
2024-02-26 08:13:02.588887296,Store_1,South,Keyboard,9,149.76228222513856,1347.860540026247
2024-06-24 14:47:14.252093440,Store_3,South,Webcam,47,62.17555737617007,2922.2511966799934
2024-07-13 09:29:00.344946688,Store_2,East,Monitor,16,356.037853696599,5696.605659145584
2024-01-19 21:58:27.057232128,Store_1,East,Webcam,12,62.17555737617007,746.1066885140408
2024-05-02 20:39:12.517123584,Store_7,South,Mouse,31,31.46792530693381,975.5056845149481
2024-02-19 01:28:21.251947520,Store_5,North,Mouse,24,31.46792530693381,755.2302073664115
2024-01-24 03:09:53.068829184,Store_1,North,Laptop,14,836.3209463439858,11708.493248815801
2024-12-27 08:03:05.888649216,Store_6,North,Laptop,45,836.3209463439858,37634.442585479366
2024-04-27 15:49:10.855122944,Store_5,North,Mouse,25,31.46792530693381,786.6981326733453
2024-10-22 14:30:00.524471808,Store_3,North,Webcam,34,62.17555737617007,2113.9689507897824
2024-04-02 22:39:07.688630016,Store_7,East,Mouse,3,31.46792530693381,94.40377592080144
2024-09-05 17:57:49.848053760,Store_10,South,Laptop,24,836.3209463439858,20071.70271225566
2024-10-04 11:35:45.789481216,Store_9,East,Mouse,42,31.46792530693381,1321.6528628912201
2024-08-05 09:47:43.323809024,Store_9,North,Mouse,9,31.46792530693381,283.2113277624043
2024-06-21 03:00:26.682117888,Store_9,North,Webcam,26,62.17555737617007,1616.5644917804218
2024-05-30 07:43:35.068548352,Store_2,North,Monitor,20,356.037853696599,7120.75707393198
2024-05-07 08:05:09.653699840,Store_3,North,Laptop,40,836.3209463439858,33452.83785375943
2024-12-05 06:40:31.092999424,Store_7,South,Webcam,10,62.17555737617007,621.7555737617007
2024-10-30 04:13:33.643993856,Store_5,North,Mouse,19,31.46792530693381,597.8905808317425
2024-12-18 05:38:08.654779136,Store_2,South,Mouse,3,31.46792530693381,94.40377592080144
2024-02-15 08:50:37.239840256,Store_3,North,Monitor,24,356.037853696599,8544.908488718374
2024-09-23 18:23:56.698022144,Store_10,South,Laptop,5,836.3209463439858,4181.604731719929
2024-12-08 11:51:44.646308352,Store_6,East,Laptop,3,836.3209463439858,2508.9628390319576
2024-03-07 03:36:05.974600192,Store_7,North,Keyboard,27,149.76228222513856,4043.5816200787413
2024-01-25 06:30:26.287678720,Store_9,South,Laptop,16,836.3209463439858,13381.135141503773
2024-09-27 12:13:00.796011264,Store_1,East,Monitor,49,356.037853696599,17445.85483113335
2024-07-28 16:23:04.097241600,Store_7,North,Keyboard,15,149.76228222513856,2246.4342333770783
2024-11-03 06:25:12.303848960,Store_8,North,Keyboard,35,149.76228222513856,5241.679877879849
2024-02-21 00:24:21.669286656,Store_3,North,Mouse,12,31.46792530693381,377.61510368320575
2024-10-17 06:32:29.946813440,Store_4,South,Mouse,41,31.46792530693381,1290.1849375842862
2024-03-14 14:15:19.165025792,Store_10,South,Laptop,44,836.3209463439858,36798.121639135374
2024-02-29 17:37:33.814212864,Store_6,East,Keyboard,26,149.76228222513856,3893.8193378536025
2024-02-29 22:58:06.203551744,Store_10,South,Mouse,47,31.46792530693381,1478.992489425889
2024-10-24 07:40:28.377216768,Store_7,South,Monitor,34,356.037853696599,12105.287025684365
2024-08-30 19:07:39.551875328,Store_4,North,Mouse,23,31.46792530693381,723.7622820594777
2024-07-09 22:03:11.235518976,Store_8,North,Mouse,31,31.46792530693381,975.5056845149481
2024-05-10 23:21:18.147318784,Store_5,North,Keyboard,50,149.76228222513856,7488.1141112569285
2024-11-16 04:16:36.255082240,Store_1,North,Keyboard,20,149.76228222513856,2995.245644502771
2024-05-23 05:49:08.907680256,Store_4,North,Webcam,12,62.17555737617007,746.1066885140408
2024-10-25 01:24:39.923175680,Store_3,North,Monitor,23,356.037853696599,8188.870635021776
2024-06-09 06:49:18.476670464,Store_9,North,Keyboard,4,149.76228222513856,599.0491289005543
2024-05-17 14:01:59.526343936,Store_8,East,Laptop,23,836.3209463439858,19235.381765911676
2024-06-17 21:04:29.720876800,Store_1,East,Monitor,48,356.037853696599,17089.81697743675
2024-04-20 00:04:12.639640320,Store_6,East,Monitor,48,356.037853696599,17089.81697743675
2024-09-29 21:03:29.413238272,Store_9,East,Keyboard,1,149.76228222513856,149.76228222513856
2024-07-02 11:49:50.221956352,Store_7,North,Monitor,25,356.037853696599,8900.946342414974
2024-03-25 18:10:59.554150144,Store_4,East,Keyboard,2,149.76228222513856,299.5245644502771
2024-11-24 08:16:23.742786816,Store_1,North,Mouse,30,31.46792530693381,944.0377592080143
2024-05-20 02:53:13.557225472,Store_2,East,Webcam,3,62.17555737617007,186.5266721285102
2024-07-17 09:31:23.028090624,Store_5,South,Mouse,21,31.46792530693381,660.8264314456101
2024-11-26 20:41:44.491377920,Store_5,East,Keyboard,25,149.76228222513856,3744.0570556284642
2024-08-15 20:19:29.439143680,Store_8,East,Keyboard,20,149.76228222513856,2995.245644502771
2024-02-12 16:01:36.611779072,Store_6,North,Mouse,49,31.46792530693381,1541.9283400397567
2024-12-09 00:55:45.850274560,Store_8,East,Laptop,22,836.3209463439858,18399.060819567687
2024-08-17 02:43:21.161660160,Store_2,South,Laptop,21,836.3209463439858,17562.7398732237
2024-05-02 05:46:23.463825920,Store_3,North,Laptop,33,836.3209463439858,27598.591229351532
2024-02-20 20:01:24.083512576,Store_6,North,Keyboard,38,149.76228222513856,5690.9667245552655
2024-10-16 19:39:38.368828160,Store_10,East,Monitor,15,356.037853696599,5340.5678054489845
2024-08-14 07:50:14.430961664,Store_3,North,Keyboard,46,149.76228222513856,6889.064982356374
2024-07-13 17:07:08.996565248,Store_6,North,Monitor,15,356.037853696599,5340.5678054489845
2024-11-22 06:29:56.499095040,Store_6,North,Mouse,46,31.46792530693381,1447.5245641189554
2024-10-14 20:06:41.653176832,Store_2,North,Webcam,25,62.17555737617007,1554.3889344042518
2024-02-25 08:40:19.007251968,Store_7,North,Monitor,21,356.037853696599,7476.794927628578
2024-04-23 18:41:07.130000384,Store_2,North,Laptop,24,836.3209463439858,20071.70271225566
2024-03-31 16:45:53.513188864,Store_6,South,Keyboard,5,149.76228222513856,748.8114111256928
2024-09-28 12:58:10.282572032,Store_1,East,Mouse,6,31.46792530693381,188.80755184160287
2024-01-13 05:44:38.861827584,Store_3,South,Laptop,49,836.3209463439858,40979.72637085531
2024-07-27 00:14:01.102101760,Store_2,North,Mouse,43,31.46792530693381,1353.1207881981538
2024-10-05 07:08:17.113518336,Store_7,North,Webcam,48,62.17555737617007,2984.426754056163
2024-11-16 00:28:01.120918528,Store_4,East,Keyboard,44,149.76228222513856,6589.540417906097
2024-05-04 20:38:10.027504896,Store_8,South,Keyboard,47,149.76228222513856,7038.827264581512
2024-10-26 18:12:50.360136704,Store_6,East,Webcam,23,62.17555737617007,1430.0378196519116
2024-02-10 09:08:02.456619520,Store_10,South,Keyboard,4,149.76228222513856,599.0491289005543
2024-11-04 22:55:19.472139776,Store_4,North,Monitor,27,356.037853696599,9613.022049808173
2024-02-16 12:48:02.455301376,Store_5,East,Mouse,18,31.46792530693381,566.4226555248086
2024-05-25 00:14:11.995111680,Store_9,East,Laptop,21,836.3209463439858,17562.7398732237
2024-10-18 00:18:26.655224064,Store_7,North,Webcam,28,62.17555737617007,1740.915606532762
2024-02-24 17:16:35.988870912,Store_10,East,Monitor,35,356.037853696599,12461.324879380963
2024-03-24 16:14:32.000056576,Store_9,South,Laptop,22,836.3209463439858,18399.060819567687
2024-09-20 14:55:56.996843776,Store_7,South,Laptop,40,836.3209463439858,33452.83785375943
2024-09-19 19:31:12.216517120,Store_1,South,Webcam,23,62.17555737617007,1430.0378196519116
2024-08-22 00:27:11.750670848,Store_8,South,Monitor,3,356.037853696599,1068.1135610897968
2024-09-10 06:59:18.144714496,Store_4,North,Laptop,40,836.3209463439858,33452.83785375943
2024-07-17 02:15:58.045409792,Store_3,East,Laptop,50,836.3209463439858,41816.04731719929
2024-04-01 21:45:35.121689600,Store_7,South,Monitor,10,356.037853696599,3560.37853696599
2024-05-06 04:17:48.851139584,Store_3,North,Keyboard,25,149.76228222513856,3744.0570556284642
2024-03-07 06:47:45.597049856,Store_8,East,Laptop,49,836.3209463439858,40979.72637085531
2024-11-27 14:01:36.902217216,Store_6,East,Mouse,8,31.46792530693381,251.7434024554705
2024-07-31 22:30:43.639744256,Store_5,North,Monitor,11,356.037853696599,3916.4163906625886
2024-05-26 07:27:30.279058176,Store_4,North,Laptop,5,836.3209463439858,4181.604731719929
2024-06-17 15:10:15.023721472,Store_8,South,Webcam,45,62.17555737617007,2797.900081927653
2024-12-11 18:12:07.397998080,Store_8,East,Mouse,37,31.46792530693381,1164.313236356551
2024-02-25 23:21:29.848668672,Store_1,East,Laptop,45,836.3209463439858,37634.442585479366
2024-08-01 23:22:23.982481664,Store_9,North,Mouse,38,31.46792530693381,1195.781161663485
2024-07-03 15:35:05.377300480,Store_5,East,Mouse,29,31.46792530693381,912.5698339010805
2024-08-11 04:20:20.768667136,Store_4,South,Keyboard,5,149.76228222513856,748.8114111256928
2024-01-07 14:38:42.756974080,Store_6,East,Mouse,9,31.46792530693381,283.2113277624043
2024-11-14 07:48:19.592462848,Store_6,North,Keyboard,48,149.76228222513856,7188.589546806651
2024-12-06 05:21:22.156403200,Store_2,North,Monitor,2,356.037853696599,712.075707393198
2024-07-25 06:34:00.077669376,Store_8,South,Keyboard,1,149.76228222513856,149.76228222513856
2024-09-11 06:39:40.381781760,Store_7,South,Webcam,40,62.17555737617007,2487.022295046803
2024-12-02 17:05:40.484807168,Store_1,East,Laptop,30,836.3209463439858,25089.628390319576
2024-09-15 03:24:37.571707392,Store_5,East,Monitor,11,356.037853696599,3916.4163906625886
2024-02-25 16:14:31.257344256,Store_6,North,Monitor,28,356.037853696599,9969.05990350477
2024-07-29 08:17:09.726220544,Store_4,South,Webcam,44,62.17555737617007,2735.7245245514832
2024-08-09 10:49:25.702729728,Store_2,South,Keyboard,12,149.76228222513856,1797.1473867016628
2024-06-03 19:23:04.850192128,Store_4,South,Laptop,39,836.3209463439858,32616.516907415447
2024-09-25 19:15:05.414661376,Store_1,East,Keyboard,26,149.76228222513856,3893.8193378536025
2024-12-07 01:03:18.177755648,Store_7,South,Mouse,13,31.46792530693381,409.08302899013955
2024-12-03 19:58:48.623028224,Store_2,North,Keyboard,8,149.76228222513856,1198.0982578011085
2024-06-13 13:21:10.416600832,Store_2,North,Monitor,28,356.037853696599,9969.05990350477
2024-02-11 07:57:55.013634048,Store_9,East,Laptop,30,836.3209463439858,25089.628390319576
2024-12-25 11:12:32.050476288,Store_5,East,Keyboard,9,149.76228222513856,1347.860540026247
2024-11-02 04:44:50.054159104,Store_2,South,Laptop,39,836.3209463439858,32616.516907415447
2024-02-15 12:02:42.314426112,Store_9,East,Laptop,31,836.3209463439858,25925.94933666356
2024-12-02 02:34:29.610221568,Store_9,North,Mouse,21,31.46792530693381,660.8264314456101
2024-11-13 12:17:31.673991168,Store_1,South,Mouse,47,31.46792530693381,1478.992489425889
2024-07-08 09:01:16.969527808,Store_3,North,Monitor,34,356.037853696599,12105.287025684365
2024-08-03 19:34:22.141651968,Store_4,South,Webcam,31,62.17555737617007,1927.4422786612722
2024-05-25 15:15:49.269248512,Store_7,East,Laptop,25,836.3209463439858,20908.023658599646
2024-01-20 23:42:43.041891584,Store_10,South,Webcam,12,62.17555737617007,746.1066885140408
2024-05-02 08:19:40.212545024,Store_4,South,Monitor,1,356.037853696599,356.037853696599
2024-10-20 00:59:46.354987008,Store_2,North,Laptop,22,836.3209463439858,18399.060819567687
2024-01-02 16:34:35.477473280,Store_7,North,Laptop,40,836.3209463439858,33452.83785375943
2024-05-01 17:27:09.878451968,Store_6,South,Webcam,37,62.17555737617007,2300.4956229182926
2024-05-25 07:57:27.921083904,Store_3,East,Keyboard,47,149.76228222513856,7038.827264581512
2024-07-15 03:35:07.734250240,Store_6,East,Mouse,1,31.46792530693381,31.46792530693381
2024-12-01 17:56:06.719192832,Store_6,North,Keyboard,1,149.76228222513856,149.76228222513856
2024-05-06 09:59:27.278324992,Store_5,East,Webcam,42,62.17555737617007,2611.373409799143
2024-05-06 15:18:36.174999552,Store_4,North,Mouse,42,31.46792530693381,1321.6528628912201
2024-09-26 04:30:39.360389120,Store_10,East,Keyboard,21,149.76228222513856,3145.0079267279098
2024-06-14 01:25:44.983900928,Store_1,South,Mouse,15,31.46792530693381,472.01887960400717
2024-03-22 23:32:17.696235264,Store_10,North,Laptop,17,836.3209463439858,14217.456087847759
2024-06-14 03:22:12.580760576,Store_6,North,Keyboard,22,149.76228222513856,3294.7702089530485
2024-02-21 09:54:26.994697472,Store_2,South,Mouse,38,31.46792530693381,1195.781161663485
2024-03-05 09:09:00.006460160,Store_3,North,Mouse,35,31.46792530693381,1101.3773857426834
2024-06-30 21:42:06.081112320,Store_8,East,Mouse,45,31.46792530693381,1416.0566388120214
2024-06-01 21:47:12.975575296,Store_10,East,Keyboard,16,149.76228222513856,2396.196515602217
2024-11-29 22:03:00.336083712,Store_6,North,Monitor,8,356.037853696599,2848.302829572792
2024-05-12 06:34:14.002542080,Store_3,East,Keyboard,47,149.76228222513856,7038.827264581512
2024-07-30 21:57:14.214368256,Store_7,North,Webcam,17,62.17555737617007,1056.9844753948912
2024-08-18 18:38:06.583830272,Store_4,South,Keyboard,17,149.76228222513856,2545.9587978273557
2024-01-05 18:42:26.782969600,Store_9,North,Mouse,26,31.46792530693381,818.1660579802791
2024-08-30 04:35:14.563919104,Store_5,South,Laptop,13,836.3209463439858,10872.172302471816
2024-03-05 23:35:42.251204608,Store_3,East,Keyboard,17,149.76228222513856,2545.9587978273557
2024-12-16 18:58:33.531716608,Store_2,South,Keyboard,38,149.76228222513856,5690.9667245552655
2024-02-24 06:17:07.782422272,Store_2,East,Mouse,17,31.46792530693381,534.9547302178748
2024-05-31 08:06:26.365855488,Store_3,North,Laptop,48,836.3209463439858,40143.40542451132
2024-02-01 03:39:47.132528128,Store_2,East,Laptop,14,836.3209463439858,11708.493248815801
2024-12-29 20:37:06.406213888,Store_4,North,Webcam,45,62.17555737617007,2797.900081927653
2024-07-02 07:13:41.845806080,Store_2,North,Keyboard,6,149.76228222513856,898.5736933508314
2024-08-05 07:34:21.906204928,Store_10,South,Laptop,35,836.3209463439858,29271.233122039503
2024-01-25 11:35:23.790921472,Store_9,South,Laptop,46,836.3209463439858,38470.76353182335
2024-09-30 17:39:13.394508544,Store_2,South,Monitor,14,356.037853696599,4984.529951752385
2024-03-17 14:46:22.783862272,Store_9,South,Monitor,47,356.037853696599,16733.77912374015
2024-11-23 18:57:20.071802368,Store_6,East,Laptop,8,836.3209463439858,6690.567570751887
2024-03-15 21:01:23.702240512,Store_1,East,Webcam,15,62.17555737617007,932.633360642551
2024-03-10 14:25:27.958849280,Store_4,East,Laptop,27,836.3209463439858,22580.665551287617
2024-01-14 08:10:30.325257472,Store_1,North,Mouse,13,31.46792530693381,409.08302899013955
2024-06-21 07:18:23.180988928,Store_6,East,Keyboard,49,149.76228222513856,7338.35182903179
2024-07-25 04:00:29.978569984,Store_4,East,Webcam,31,62.17555737617007,1927.4422786612722
2024-01-24 23:36:27.653012480,Store_3,East,Mouse,35,31.46792530693381,1101.3773857426834
2024-10-10 01:37:18.920093952,Store_3,South,Webcam,6,62.17555737617007,373.0533442570204
2024-06-14 10:48:36.692613888,Store_9,East,Mouse,5,31.46792530693381,157.33962653466907
2024-07-10 09:39:31.533514496,Store_6,North,Keyboard,22,149.76228222513856,3294.7702089530485
2024-06-09 21:04:53.987443968,Store_9,South,Keyboard,49,149.76228222513856,7338.35182903179
2024-05-26 06:41:03.887764224,Store_5,North,Monitor,23,356.037853696599,8188.870635021776
2024-07-23 06:26:57.488135936,Store_2,East,Mouse,25,31.46792530693381,786.6981326733453
2024-02-26 15:54:16.395671040,Store_8,South,Monitor,34,356.037853696599,12105.287025684365
2024-03-07 09:41:25.523298816,Store_5,North,Mouse,26,31.46792530693381,818.1660579802791
2024-11-10 13:14:31.344282368,Store_2,East,Monitor,47,356.037853696599,16733.77912374015
2024-12-11 07:58:17.213846272,Store_4,North,Keyboard,5,149.76228222513856,748.8114111256928
2024-05-16 06:11:22.598198272,Store_9,North,Webcam,26,62.17555737617007,1616.5644917804218
2024-04-08 19:43:24.012255232,Store_4,North,Monitor,20,356.037853696599,7120.75707393198
2024-08-23 01:26:09.595585536,Store_4,East,Mouse,6,31.46792530693381,188.80755184160287
2024-05-29 04:30:40.819749632,Store_2,East,Mouse,6,31.46792530693381,188.80755184160287
2024-01-10 06:23:04.112104704,Store_6,North,Keyboard,50,149.76228222513856,7488.1141112569285
2024-02-26 23:53:48.310540288,Store_2,South,Mouse,18,31.46792530693381,566.4226555248086
2024-09-18 07:55:00.208931584,Store_7,South,Laptop,4,836.3209463439858,3345.2837853759434
2024-08-28 12:10:25.432078592,Store_3,East,Webcam,17,62.17555737617007,1056.9844753948912
2024-01-10 21:21:39.219589888,Store_3,East,Monitor,14,356.037853696599,4984.529951752385
2024-03-22 00:28:34.098717440,Store_5,East,Webcam,14,62.17555737617007,870.457803266381
2024-03-25 08:12:54.785201408,Store_3,East,Keyboard,13,149.76228222513856,1946.9096689268013
2024-09-02 05:46:49.562129408,Store_2,East,Monitor,7,356.037853696599,2492.2649758761927
2024-01-08 04:39:51.518621696,Store_10,South,Monitor,44,356.037853696599,15665.665562650354
2024-02-07 23:59:28.241465600,Store_9,East,Laptop,15,836.3209463439858,12544.814195159788
2024-10-18 23:15:53.668328960,Store_2,North,Keyboard,19,149.76228222513856,2845.4833622776328
2024-03-06 04:03:04.462545408,Store_2,North,Mouse,43,31.46792530693381,1353.1207881981538
2024-08-26 06:03:21.257216768,Store_8,South,Laptop,47,836.3209463439858,39307.08447816734
2024-03-27 22:28:52.183089664,Store_9,North,Laptop,44,836.3209463439858,36798.121639135374
2024-02-06 07:06:23.762058752,Store_7,South,Webcam,35,62.17555737617007,2176.1445081659526
2024-03-29 18:11:18.215358720,Store_3,South,Webcam,17,62.17555737617007,1056.9844753948912
2024-09-20 15:03:29.963000064,Store_9,North,Webcam,35,62.17555737617007,2176.1445081659526
2024-11-08 07:54:03.818199808,Store_3,East,Laptop,19,836.3209463439858,15890.097980535731
2024-10-30 00:43:33.648984576,Store_5,North,Mouse,20,31.46792530693381,629.3585061386763
2024-05-24 23:19:39.790047488,Store_9,North,Monitor,36,356.037853696599,12817.362733077563
2024-08-31 20:25:32.866891776,Store_3,South,Webcam,35,62.17555737617007,2176.1445081659526
2024-03-15 19:39:44.740233216,Store_7,North,Mouse,32,31.46792530693381,1006.973609821882
2024-04-16 23:58:26.821511424,Store_1,South,Keyboard,48,149.76228222513856,7188.589546806651
2024-11-23 03:54:06.372881920,Store_4,East,Webcam,44,62.17555737617007,2735.7245245514832
2024-01-05 17:53:48.659834624,Store_4,East,Monitor,40,356.037853696599,14241.51414786396
2024-02-01 05:03:17.029026560,Store_7,East,Keyboard,24,149.76228222513856,3594.2947734033255
2024-03-16 21:05:00.942285056,Store_8,North,Keyboard,17,149.76228222513856,2545.9587978273557
2024-01-10 16:25:19.581364736,Store_1,South,Monitor,7,356.037853696599,2492.2649758761927
2024-03-07 05:22:27.880991744,Store_5,East,Webcam,43,62.17555737617007,2673.548967175313
2024-07-31 19:26:38.666740224,Store_7,South,Laptop,50,836.3209463439858,41816.04731719929
2024-06-02 19:40:44.627484928,Store_4,South,Monitor,1,356.037853696599,356.037853696599
2024-11-21 19:48:15.080523520,Store_4,East,Monitor,35,356.037853696599,12461.324879380963
2024-10-25 08:48:20.162983424,Store_4,East,Monitor,32,356.037853696599,11393.211318291167
2024-05-04 18:19:12.003144192,Store_6,South,Keyboard,36,149.76228222513856,5391.442160104988
2024-04-04 16:32:57.396689152,Store_7,East,Mouse,13,31.46792530693381,409.08302899013955
2024-05-18 14:06:19.783962880,Store_2,South,Laptop,6,836.3209463439858,5017.925678063915
2024-08-03 10:59:01.307147008,Store_5,South,Webcam,14,62.17555737617007,870.457803266381
2024-04-07 20:14:14.976990208,Store_4,East,Webcam,37,62.17555737617007,2300.4956229182926
2024-08-15 19:32:39.957930240,Store_3,North,Mouse,48,31.46792530693381,1510.460414732823
2024-05-29 10:26:45.863502848,Store_7,East,Monitor,15,356.037853696599,5340.5678054489845
2024-07-20 11:55:59.895347968,Store_6,North,Laptop,47,836.3209463439858,39307.08447816734
2024-06-08 04:28:06.222811392,Store_7,South,Webcam,4,62.17555737617007,248.70222950468028
2024-04-17 11:31:12.192913920,Store_5,South,Webcam,40,62.17555737617007,2487.022295046803
2024-12-12 04:27:03.488358656,Store_6,North,Monitor,16,356.037853696599,5696.605659145584
2024-10-05 17:11:12.324622336,Store_5,South,Mouse,28,31.46792530693381,881.1019085941467
2024-02-21 03:23:29.110970880,Store_7,North,Laptop,16,836.3209463439858,13381.135141503773
2024-11-12 23:46:46.087916544,Store_2,North,Mouse,4,31.46792530693381,125.87170122773524
2024-06-26 21:53:50.267996672,Store_5,South,Mouse,45,31.46792530693381,1416.0566388120214
2024-11-22 12:16:39.027332096,Store_6,North,Laptop,26,836.3209463439858,21744.34460494363
2024-10-18 22:43:55.351554560,Store_6,East,Laptop,28,836.3209463439858,23416.986497631602
2024-06-04 04:52:13.076941824,Store_5,East,Webcam,32,62.17555737617007,1989.6178360374422
2024-01-09 04:49:52.107183104,Store_10,South,Webcam,45,62.17555737617007,2797.900081927653
2024-04-08 01:36:49.205563648,Store_7,South,Laptop,2,836.3209463439858,1672.6418926879717
2024-07-16 16:42:56.593545216,Store_10,North,Keyboard,31,149.76228222513856,4642.630748979295
2024-08-19 05:16:09.140437504,Store_8,North,Webcam,3,62.17555737617007,186.5266721285102
2024-04-04 03:05:46.047821568,Store_7,North,Keyboard,8,149.76228222513856,1198.0982578011085
2024-02-20 20:45:33.151960576,Store_5,North,Laptop,24,836.3209463439858,20071.70271225566
2024-10-31 17:59:19.947702784,Store_1,East,Webcam,15,62.17555737617007,932.633360642551
2024-12-25 07:21:47.170667264,Store_5,East,Mouse,43,31.46792530693381,1353.1207881981538
2024-07-10 21:02:45.589097472,Store_10,South,Laptop,31,836.3209463439858,25925.94933666356
2024-03-03 15:54:37.958512128,Store_2,North,Monitor,9,356.037853696599,3204.340683269391
2024-04-09 09:24:43.849114880,Store_5,North,Keyboard,39,149.76228222513856,5840.729006780404
2024-01-07 17:06:08.375600896,Store_5,South,Laptop,45,836.3209463439858,37634.442585479366
2024-11-29 17:15:27.163691776,Store_2,North,Laptop,2,836.3209463439858,1672.6418926879717
2024-02-12 23:29:58.150023424,Store_5,North,Webcam,8,62.17555737617007,497.40445900936055
2024-07-29 10:17:03.571817472,Store_4,North,Webcam,7,62.17555737617007,435.2289016331905
2024-04-10 00:43:25.439591680,Store_1,North,Webcam,44,62.17555737617007,2735.7245245514832
2024-07-21 06:35:57.487337984,Store_3,North,Monitor,39,356.037853696599,13885.47629416736
2024-08-25 18:26:33.367064320,Store_1,South,Webcam,42,62.17555737617007,2611.373409799143
2024-10-29 20:32:17.521710336,Store_5,North,Laptop,16,836.3209463439858,13381.135141503773
2024-03-16 08:15:01.226242304,Store_4,South,Webcam,35,62.17555737617007,2176.1445081659526
2024-01-05 00:19:24.452573952,Store_7,North,Mouse,30,31.46792530693381,944.0377592080143
2024-02-19 23:07:05.229849856,Store_5,East,Webcam,10,62.17555737617007,621.7555737617007
2024-11-24 12:09:47.889321728,Store_10,East,Monitor,38,356.037853696599,13529.438440470762
2024-11-14 23:16:37.486011392,Store_4,East,Mouse,18,31.46792530693381,566.4226555248086
2024-08-06 01:20:19.590042880,Store_2,East,Laptop,50,836.3209463439858,41816.04731719929
2024-08-07 04:31:39.710635776,Store_4,South,Laptop,5,836.3209463439858,4181.604731719929
2024-08-30 17:43:16.568490752,Store_2,South,Keyboard,29,149.76228222513856,4343.106184529019
2024-03-05 00:15:08.642669056,Store_8,North,Mouse,39,31.46792530693381,1227.2490869704186
2024-11-29 18:14:55.126689536,Store_3,East,Keyboard,34,149.76228222513856,5091.9175956547115
2024-06-01 20:25:47.272996352,Store_9,South,Mouse,43,31.46792530693381,1353.1207881981538
2024-05-19 20:17:36.626876160,Store_4,North,Mouse,45,31.46792530693381,1416.0566388120214
2024-07-08 09:43:08.753799680,Store_6,North,Monitor,23,356.037853696599,8188.870635021776
2024-01-18 03:25:18.728218112,Store_10,South,Keyboard,5,149.76228222513856,748.8114111256928
2024-03-01 16:38:32.317091840,Store_5,East,Monitor,30,356.037853696599,10681.135610897969
2024-09-26 09:10:28.127622144,Store_10,North,Mouse,6,31.46792530693381,188.80755184160287
2024-01-31 05:18:58.791686912,Store_1,East,Laptop,46,836.3209463439858,38470.76353182335
2024-08-08 03:36:44.924132096,Store_9,East,Mouse,44,31.46792530693381,1384.5887135050878
2024-03-30 13:15:29.522910208,Store_1,East,Monitor,4,356.037853696599,1424.151414786396
2024-05-22 02:13:46.484427776,Store_8,North,Keyboard,29,149.76228222513856,4343.106184529019
2024-04-15 08:57:25.682800896,Store_9,East,Keyboard,23,149.76228222513856,3444.532491178187
2024-05-09 19:41:34.786438656,Store_9,North,Monitor,6,356.037853696599,2136.2271221795936
2024-09-19 10:50:31.665890304,Store_1,East,Keyboard,32,149.76228222513856,4792.393031204434
2024-04-18 10:47:10.423892480,Store_2,North,Webcam,42,62.17555737617007,2611.373409799143
2024-07-25 17:42:16.736402944,Store_1,East,Laptop,18,836.3209463439858,15053.777034191746
2024-06-22 18:12:05.483750912,Store_10,South,Laptop,15,836.3209463439858,12544.814195159788
2024-08-30 05:45:33.870876416,Store_2,East,Laptop,40,836.3209463439858,33452.83785375943
2024-12-07 22:37:42.659345664,Store_10,East,Keyboard,32,149.76228222513856,4792.393031204434
2024-09-24 09:19:53.657622528,Store_8,North,Keyboard,9,149.76228222513856,1347.860540026247
2024-03-19 10:52:39.779238144,Store_5,North,Mouse,37,31.46792530693381,1164.313236356551
2024-01-12 09:09:51.347292672,Store_7,East,Mouse,10,31.46792530693381,314.67925306933813
2024-04-05 17:25:58.901039360,Store_2,South,Laptop,20,836.3209463439858,16726.418926879716
2024-08-05 04:52:57.622563328,Store_8,South,Webcam,6,62.17555737617007,373.0533442570204
2024-01-19 18:29:24.454039296,Store_6,North,Mouse,48,31.46792530693381,1510.460414732823
2024-06-30 04:10:05.971738112,Store_8,South,Mouse,3,31.46792530693381,94.40377592080144
2024-08-05 20:20:36.083442944,Store_1,East,Keyboard,42,149.76228222513856,6290.0158534558195
2024-05-01 23:58:35.340803584,Store_1,North,Webcam,11,62.17555737617007,683.9311311378708
2024-10-08 09:11:27.257328128,Store_7,East,Laptop,43,836.3209463439858,35961.80069279139
2024-02-08 21:48:02.510826752,Store_8,North,Mouse,17,31.46792530693381,534.9547302178748
2024-01-28 10:12:25.084820480,Store_3,North,Webcam,32,62.17555737617007,1989.6178360374422
2024-09-22 18:56:00.615636736,Store_5,North,Webcam,4,62.17555737617007,248.70222950468028
2024-06-29 20:30:14.147878656,Store_1,North,Laptop,4,836.3209463439858,3345.2837853759434
2024-09-08 06:24:17.973745152,Store_7,South,Webcam,17,62.17555737617007,1056.9844753948912
2024-06-07 17:05:14.950207744,Store_5,East,Webcam,41,62.17555737617007,2549.197852422973
2024-03-30 22:28:54.520228352,Store_8,East,Webcam,19,62.17555737617007,1181.3355901472314
2024-10-25 23:20:10.690173440,Store_8,East,Mouse,5,31.46792530693381,157.33962653466907
2024-10-18 18:52:59.159165696,Store_9,North,Laptop,32,836.3209463439858,26762.270283007547
2024-09-10 13:32:27.904865280,Store_7,South,Webcam,22,62.17555737617007,1367.8622622757416
2024-04-09 07:59:29.047684096,Store_1,East,Webcam,6,62.17555737617007,373.0533442570204
2024-08-03 10:25:14.310383616,Store_3,South,Mouse,35,31.46792530693381,1101.3773857426834
2024-05-11 18:07:52.813900800,Store_8,North,Laptop,22,836.3209463439858,18399.060819567687
2024-02-03 10:15:32.264428800,Store_3,East,Keyboard,1,149.76228222513856,149.76228222513856
2024-11-30 19:40:00.915777280,Store_8,South,Mouse,20,31.46792530693381,629.3585061386763
2024-02-19 22:31:52.344660480,Store_1,North,Laptop,22,836.3209463439858,18399.060819567687
2024-12-12 20:04:45.190092800,Store_5,South,Webcam,48,62.17555737617007,2984.426754056163
2024-06-11 19:00:38.056002048,Store_4,East,Laptop,11,836.3209463439858,9199.530409783843
